"","MG_A0","MG_A1","MG_A2","MG_A3","MG_B0","MG_B1","MG_B2","MG_B3","MG_C0","MG_C1","MG_C2","MG_C3","MG_Ct_qPCR_pos_zymo","MG_E0","MG_E1","MG_E2","MG_E3","MG_F0","MG_F1","MG_F2","MG_F3","MG_G0","MG_G1","MG_G2","MG_G3","MG_I0","MG_I1","MG_I2","MG_I3","MG_J0","MG_J1","MG_J2","MG_J3","MG_K0","MG_K1","MG_K2","MG_K3","MG_L0","MG_L1","MG_L2","MG_L3","MG_M0","MG_M1","MG_M2","MG_M3","MG_N0","MG_N1","MG_N2","MG_N3","MG_O0","MG_O1","MG_O2","MG_O3","MG_P0","MG_P1","MG_P2","MG_P3","MG_Q0","MG_Q1","MG_Q2","MG_Q3","MG_R0","MG_R1","MG_R2","MG_R3","MG_S0","MG_S1","MG_S2","MG_S3","MG_T0","MG_T1","MG_T2","MG_T3"
"67-14",0,0,0,0,0,0,0,0,0,0,0,0,0,0,0,0,17,0,125,0,0,0,0,0,0,0,49,23,75,15,20,29,0,0,35,33,0,0,0,4,0,0,11,0,0,0,0,0,0,0,23,31,98,14,0,0,0,0,35,0,15,0,0,0,0,0,0,0,0,0,0,0,32
"A0839",0,0,0,0,0,0,0,0,0,0,0,0,0,0,0,0,0,0,38,0,0,0,0,0,0,0,0,0,0,0,0,0,0,0,0,0,0,0,0,0,0,0,0,0,0,0,0,0,0,0,0,0,0,0,0,0,0,0,0,0,0,0,0,0,0,0,0,0,0,0,0,0,0
"A4b",0,0,0,0,0,0,0,16,0,0,0,0,0,0,0,0,0,0,0,0,0,0,0,0,0,0,0,0,0,0,0,0,0,0,0,0,0,0,0,0,0,0,0,0,0,0,0,0,0,0,0,104,0,0,0,33,0,0,0,0,0,0,0,0,0,0,0,0,0,22,0,0,0
"AB1",0,0,0,0,0,0,0,0,0,0,17,0,0,0,0,0,0,0,0,0,0,0,0,0,0,0,0,0,0,0,0,0,0,0,0,0,0,0,0,0,0,0,0,0,0,0,0,0,0,0,0,0,0,0,0,0,0,0,0,0,0,0,0,0,0,0,0,0,0,0,0,0,0
"Abditibacteriaceae",0,0,0,0,0,0,0,0,0,0,0,0,0,0,0,0,0,0,0,0,0,0,0,0,0,0,11,31,0,0,0,0,0,0,0,0,0,0,0,0,0,4,0,0,0,0,0,0,0,0,0,53,5,0,0,0,0,0,0,0,0,0,0,0,0,0,0,0,0,0,0,0,0
"Acetobacteraceae",0,24,111,0,0,0,88,0,0,0,0,36,0,0,0,34,0,0,0,88,0,0,0,24,0,0,36,0,0,0,0,53,0,0,0,251,24,0,80,39,0,0,6,0,0,0,60,27,0,0,0,0,0,0,62,0,0,0,44,41,0,0,0,17,0,0,0,0,0,0,0,0,0
"Acidaminobacteraceae",0,0,0,0,0,0,0,12,0,0,0,0,0,0,0,0,0,0,0,0,0,0,0,0,0,0,0,0,0,0,0,0,0,0,0,20,0,0,0,0,0,0,0,0,0,0,0,0,0,0,0,0,0,0,0,0,0,0,0,0,0,0,0,0,0,0,0,0,0,0,0,0,0
"Acidobacteriaceae_Subgroup_1",0,0,0,0,0,0,0,0,0,0,0,0,0,15,0,0,25,0,0,0,0,0,13,0,0,0,0,0,0,0,0,0,0,0,0,0,0,0,0,0,0,0,0,0,0,6,0,0,0,0,0,0,0,0,0,32,64,0,0,4,0,0,0,0,0,0,0,0,0,0,0,0,0
"Acidothermaceae",0,0,0,0,0,0,0,0,0,0,0,0,0,15,0,0,65,0,0,0,53,0,0,0,0,0,0,62,87,0,0,0,0,0,0,27,0,0,0,0,0,0,10,0,0,0,0,0,0,0,35,12,17,0,0,0,0,0,0,0,0,0,0,0,0,0,0,0,0,17,0,0,0
"Actinomycetaceae",0,0,0,0,0,0,0,0,0,0,0,0,0,0,0,0,0,0,0,0,0,0,0,0,0,0,0,0,0,0,0,0,0,0,0,0,0,0,15,0,0,0,0,0,0,0,49,0,11,0,0,0,0,0,0,0,0,0,0,0,0,0,0,0,0,0,0,0,0,0,0,0,0
"Actinospicaceae",0,0,0,0,0,0,0,0,62,29,13,59,0,61,24,0,109,20,0,5,57,3,0,2,0,18,19,67,74,0,0,56,47,0,0,32,22,51,0,47,28,0,5,17,11,44,0,30,0,11,8,30,90,21,0,0,0,34,0,81,16,0,0,0,0,0,0,0,0,19,0,0,23
"Aerococcaceae",0,0,0,0,0,0,0,0,0,0,0,0,0,0,0,0,0,0,0,0,0,0,0,0,0,0,0,23,0,0,0,0,0,0,0,0,0,0,0,0,26,0,0,0,0,0,0,0,0,0,0,0,0,0,0,0,0,0,0,0,0,0,0,0,0,0,0,0,0,0,0,0,0
"Aeromonadaceae",30,7,0,0,0,30,42,0,0,0,0,0,0,0,0,0,0,0,0,0,0,0,0,0,0,0,0,0,0,0,0,14,0,0,0,0,0,0,0,0,0,18,0,0,0,0,0,0,0,0,0,0,0,0,0,0,0,0,0,0,0,0,0,0,0,0,0,0,0,0,0,0,0
"AKIW781",0,0,0,0,0,0,0,0,0,0,0,0,0,0,0,39,0,0,0,0,0,0,0,0,0,0,0,0,0,0,25,0,0,0,0,0,0,0,0,0,0,0,0,0,0,0,0,0,0,0,0,0,0,0,0,0,0,0,0,0,0,0,0,0,0,0,0,0,0,0,0,0,0
"AKYG1722",0,0,0,0,0,0,0,0,0,0,0,0,0,0,0,0,0,0,0,0,0,0,0,0,0,0,0,0,13,0,0,0,0,0,0,0,0,0,0,0,0,0,0,0,0,0,0,0,0,0,0,0,0,0,0,0,0,0,0,0,0,0,0,0,0,0,0,0,0,0,0,0,0
"AKYH767",0,0,0,0,0,0,0,7,0,0,29,0,0,0,0,0,0,4,0,31,0,0,0,0,0,0,0,0,0,0,0,0,0,0,0,0,19,0,0,0,0,0,0,0,0,0,0,2,27,0,0,0,4,0,0,0,0,0,0,0,0,0,0,0,0,0,0,0,0,0,0,0,0
"Alcaligenaceae",82,0,0,0,36,22,0,0,0,0,0,0,0,0,0,0,0,0,0,0,0,214,24,0,0,0,0,0,0,32,0,2,0,0,0,0,0,11,0,0,0,30,0,0,0,9,0,0,0,12,0,0,0,0,0,0,0,0,0,0,0,0,0,0,0,0,0,0,0,0,0,0,0
"Alicyclobacillaceae",0,0,36,0,0,0,0,26,3,0,0,34,0,0,0,36,13,24,0,74,0,0,0,0,0,14,0,26,15,0,0,24,0,0,0,89,33,7,0,19,0,0,0,0,44,26,13,0,44,0,0,20,16,0,0,114,53,39,0,63,0,0,0,21,0,0,0,0,20,0,8,65,31
"Alteromonadaceae",0,0,0,0,0,0,0,0,0,0,15,0,0,0,0,0,0,0,0,0,0,0,0,0,0,0,0,0,11,0,0,0,0,0,0,0,0,3,0,0,0,0,0,0,0,0,27,21,0,0,0,0,0,0,0,0,0,0,0,0,0,0,0,0,0,0,0,0,0,0,0,0,0
"Amoebophilaceae",0,0,0,0,0,0,0,0,0,0,0,0,0,0,0,20,0,0,0,0,0,0,0,0,0,0,0,0,0,0,0,0,0,0,0,0,0,0,0,0,0,70,0,0,0,0,0,0,0,0,0,0,0,0,0,0,0,0,0,0,0,0,0,0,0,0,0,0,0,0,0,0,0
"Anaerolineaceae",0,0,0,0,0,0,29,0,0,0,0,0,0,0,0,0,0,0,27,53,0,0,0,0,0,0,0,0,0,0,35,0,0,0,0,0,0,0,0,0,0,0,0,0,0,0,0,0,0,0,0,0,0,0,0,0,0,0,0,0,0,0,0,0,0,0,0,0,0,0,23,0,0
"Anaeromyxobacteraceae",0,0,0,0,0,0,0,0,0,28,0,0,0,0,0,0,0,0,0,0,0,0,0,0,0,0,0,0,0,0,0,0,0,0,0,35,0,0,0,0,0,0,0,16,0,0,0,0,0,0,0,0,0,0,0,0,0,0,0,0,0,0,0,0,0,0,0,0,0,0,0,0,0
"Aneurinibacillaceae",0,0,0,0,0,0,0,0,0,0,0,0,0,0,0,0,0,0,0,0,0,0,0,0,0,0,0,0,0,0,0,0,0,0,0,0,0,0,0,0,0,0,0,0,0,0,0,0,0,0,0,18,0,0,0,0,87,0,0,0,0,0,0,0,0,0,0,0,0,0,0,12,0
"Atopobiaceae",0,0,0,0,0,0,0,0,0,0,0,0,0,0,0,0,0,0,0,0,0,0,0,0,0,0,0,0,0,0,0,0,0,0,0,0,0,0,49,0,0,0,0,0,0,0,0,0,63,0,0,0,0,0,0,0,0,0,0,0,0,0,0,0,0,0,0,0,0,0,0,0,0
"Azospirillaceae",7,0,35,0,0,0,0,0,0,0,0,0,0,41,32,0,0,0,0,0,0,0,0,0,0,0,0,0,0,0,0,0,0,0,0,0,0,0,0,0,0,0,0,0,0,10,0,18,0,0,0,0,0,0,0,0,0,0,0,0,0,0,0,0,0,0,0,0,0,12,0,0,0
"Babeliaceae",0,0,0,0,0,0,0,0,0,0,0,41,0,4,0,0,0,0,0,0,0,0,0,0,0,0,0,0,0,5,0,0,0,0,0,0,0,6,0,0,0,0,0,0,0,8,0,0,0,0,0,0,6,0,0,0,0,0,0,0,0,0,0,0,0,0,0,0,0,0,0,0,0
"Bacillaceae",0,0,265,132,0,0,259,124,32,0,298,397,1862,92,62,68,204,0,0,0,0,0,0,293,0,187,0,141,80,115,0,35,114,0,0,471,202,79,0,147,37,126,47,152,140,0,25,0,385,0,110,161,0,0,0,214,129,0,0,215,0,0,25,104,90,0,30,19,50,0,28,134,0
"Bacteriovoracaceae",0,0,0,9,0,0,30,0,0,0,35,0,0,0,42,0,34,0,0,0,0,0,0,0,0,0,0,42,0,0,24,0,0,0,49,0,13,0,0,0,0,0,0,0,0,0,48,0,0,0,35,0,0,0,0,0,0,0,0,0,0,0,0,0,0,0,0,0,0,0,0,0,0
"Bacteroidaceae",0,0,0,0,0,0,0,0,0,0,0,0,0,0,0,0,0,0,0,0,0,0,0,0,0,0,0,0,0,0,0,0,8,0,0,0,0,0,0,0,0,0,0,5,0,0,0,0,0,0,0,0,0,0,0,0,0,0,0,0,0,0,0,0,0,0,0,0,0,0,0,0,6
"Bacteroidetes_vadinHA17",0,0,0,0,0,0,0,0,0,0,0,0,0,0,0,0,2,0,0,0,0,0,0,0,0,0,0,0,0,0,0,0,0,0,0,0,0,0,0,0,0,0,0,0,0,0,0,0,0,0,0,0,0,0,0,0,0,0,0,0,0,0,0,0,0,0,0,0,0,0,0,0,0
"Bdellovibrionaceae",0,0,45,0,0,0,0,25,0,0,0,14,0,0,0,0,0,0,33,0,0,0,0,0,0,0,0,0,0,0,0,0,0,0,0,36,0,0,0,0,0,0,0,0,0,0,0,0,0,0,0,0,0,0,25,0,0,0,0,0,0,0,0,0,0,0,0,0,0,0,0,3,0
"Beggiatoaceae",0,0,0,0,0,0,0,0,0,0,0,0,0,28,0,0,0,0,59,0,0,0,0,0,0,0,0,0,0,0,0,0,0,0,0,0,0,0,0,0,0,0,0,0,0,0,0,0,0,0,0,0,0,0,0,0,0,0,0,0,0,0,0,0,0,0,0,0,0,0,0,0,0
"Beijerinckiaceae",49,0,105,175,92,25,58,204,87,0,80,51,0,77,84,45,108,111,0,0,98,95,58,3,0,144,0,112,41,63,0,0,74,122,31,360,60,112,62,58,30,184,0,128,54,33,51,22,0,77,24,28,84,98,68,7,0,0,78,35,322,0,0,0,0,0,0,29,407,21,9,14,19
"Beutenbergiaceae",0,0,0,0,0,0,0,0,0,0,0,45,0,0,0,37,0,0,0,25,0,0,0,0,0,0,0,0,0,0,0,0,0,0,0,72,0,0,0,0,0,0,0,23,0,0,0,0,38,0,0,0,3,0,0,0,0,0,0,0,0,0,0,0,0,0,0,0,0,0,0,0,0
"Bifidobacteriaceae",0,0,0,0,0,0,0,0,0,0,0,0,0,0,0,0,0,0,0,0,0,0,0,0,0,0,0,0,0,0,0,0,0,0,0,0,0,0,0,0,0,0,0,0,0,0,0,0,172,0,0,0,0,0,0,0,0,0,0,0,16,0,0,0,39,0,0,0,0,0,27,0,0
"BIrii41",0,0,0,0,0,0,0,0,0,0,0,0,0,0,0,0,0,0,0,0,0,0,0,0,0,0,0,0,0,0,0,0,0,0,0,0,0,0,0,0,0,0,0,0,0,0,6,0,0,0,0,0,0,0,0,0,0,0,0,0,0,0,0,0,0,0,0,0,0,0,0,0,0
"Blastocatellaceae",0,0,0,0,0,0,0,0,0,27,0,32,0,0,0,0,0,0,78,0,0,0,0,0,0,0,0,0,0,0,0,0,0,0,0,34,0,0,0,25,0,0,0,0,0,0,0,0,0,0,0,0,17,0,0,0,0,0,0,0,0,0,0,0,0,0,0,0,0,6,0,0,11
"Blattabacteriaceae",0,0,0,0,0,0,0,0,0,0,7,0,0,0,0,0,0,0,0,0,0,0,0,0,0,0,0,0,0,0,0,0,0,0,0,7,0,0,0,0,0,0,8,1084,0,0,0,0,0,0,0,0,0,0,0,0,0,0,0,0,0,0,0,0,0,0,0,0,0,0,0,0,0
"Bogoriellaceae",0,0,0,0,0,0,0,0,0,0,0,0,0,0,0,0,0,0,0,0,0,0,0,0,0,4,0,0,0,0,0,0,0,0,0,0,0,0,0,0,0,0,0,0,0,0,0,0,0,0,0,0,0,0,0,0,0,0,0,0,0,0,0,0,0,0,0,0,0,0,0,0,0
"Brevibacillaceae",0,0,27,0,0,0,0,0,0,0,0,0,0,0,0,0,0,0,0,0,0,0,0,0,0,0,0,0,0,0,0,0,0,0,0,0,0,0,0,0,0,0,0,0,0,0,0,0,0,0,0,0,0,0,0,0,0,0,0,0,0,0,0,0,0,0,0,0,0,0,0,0,0
"Brevibacteriaceae",14,0,0,0,13,0,0,0,31,0,0,28,0,0,0,0,0,99,0,0,174,0,0,0,0,481,62,0,55,500,0,63,0,0,0,0,0,41,52,0,0,0,0,0,0,40,0,0,0,8,3,15,0,0,0,0,0,51,0,0,14,0,0,0,0,0,0,0,0,0,0,0,0
"Bryobacteraceae",0,0,0,0,0,0,0,0,0,0,0,0,0,0,0,0,27,0,15,0,0,0,0,0,0,0,0,0,0,0,0,0,0,0,0,32,0,0,0,0,0,8,0,28,0,0,0,0,0,0,0,17,31,0,0,0,0,0,0,88,0,0,0,0,0,0,0,0,0,0,0,0,6
"Burkholderiaceae",0,34,48,0,36,41,16,1,0,116,0,22,0,201,51,8,83,106,0,54,66,16,24,0,0,50,83,0,28,0,24,35,6,47,119,0,22,72,0,14,13,43,12,0,64,88,98,0,0,41,18,0,61,21,42,21,0,0,0,0,0,0,0,0,42,1963,50,5,79,8,15,0,33
"Caldilineaceae",0,0,0,0,0,0,0,0,0,0,0,0,0,0,0,0,0,0,0,0,0,0,0,0,0,0,0,0,0,0,0,0,0,0,0,20,0,0,0,0,0,0,0,0,0,0,0,0,0,0,0,0,0,0,0,0,0,0,0,0,0,0,0,0,0,0,0,0,0,5,0,0,0
"Caloramatoraceae",0,0,0,0,0,0,0,0,0,0,0,0,0,0,0,0,0,0,0,0,0,0,0,0,0,0,0,0,0,0,0,0,0,0,0,0,0,0,0,0,0,0,0,0,0,0,0,0,0,0,37,0,0,0,0,0,0,0,0,0,0,0,0,0,0,0,0,0,0,0,0,0,0
"Carnobacteriaceae",0,0,0,0,0,0,0,0,0,0,0,0,0,0,0,0,0,0,0,0,0,0,0,0,0,0,0,0,0,0,0,0,0,0,0,0,0,0,0,0,0,0,32,0,0,0,0,0,0,0,0,0,0,0,0,0,0,0,0,0,0,0,0,0,0,0,0,0,0,0,0,0,0
"Caulobacteraceae",155,0,0,0,0,118,0,0,0,76,0,0,0,173,0,51,0,0,0,34,0,0,58,0,51,88,0,60,0,0,22,27,0,0,20,52,39,0,0,0,17,206,0,22,0,0,0,0,32,0,19,0,0,0,27,0,0,0,48,24,32,0,0,0,0,0,0,22,0,0,0,62,0
"Cellulomonadaceae",16,42,0,0,0,0,0,0,0,59,0,21,0,29,65,0,110,0,33,0,0,0,0,0,0,0,33,33,27,0,0,42,0,0,50,0,0,15,0,0,0,0,0,8,18,12,0,0,0,0,142,0,20,0,0,0,0,0,0,0,0,0,6,0,0,0,0,0,0,0,0,0,21
"Cellvibrionaceae",0,0,0,0,0,0,0,0,0,0,0,0,0,0,0,0,0,0,0,56,0,0,0,0,0,0,0,0,0,0,0,27,0,0,0,0,0,0,0,0,0,0,0,0,0,0,0,0,0,0,0,0,0,0,0,0,0,0,0,0,0,0,0,0,0,0,0,0,0,0,0,0,0
"Chitinimonadaceae",29,0,0,0,0,0,0,0,0,0,0,0,0,0,0,0,0,0,0,0,0,0,0,0,0,0,0,0,0,0,0,0,0,0,0,0,0,0,0,0,0,0,0,0,0,0,0,0,0,0,0,0,0,0,0,0,0,0,0,0,0,0,0,0,0,0,0,0,0,0,0,0,0
"Chitinivibrionaceae",0,0,0,0,0,0,0,0,0,0,0,0,0,0,0,0,0,0,0,0,0,0,0,0,0,0,0,0,0,0,0,0,0,0,0,0,0,0,0,0,0,0,0,0,0,0,0,0,0,0,0,0,0,0,0,0,0,0,0,0,0,0,0,0,0,0,0,0,0,0,10,0,0
"Chitinophagaceae",313,46,0,53,24,100,89,10,0,159,38,0,14,117,89,17,19,7,321,10,65,9,21,0,29,28,88,224,13,115,0,139,77,6,71,14,0,64,45,52,43,12,4,0,6,11,93,0,9,5,0,17,25,8,23,69,48,21,0,19,15,0,0,12,0,0,0,0,0,0,0,0,7
"Chlorobiaceae",0,0,0,0,0,0,0,0,0,0,0,0,0,0,0,0,0,0,0,0,0,0,0,0,0,0,0,0,0,0,0,0,33,0,0,0,0,0,0,0,0,0,0,0,0,0,0,0,0,0,0,0,0,0,0,0,0,0,0,0,0,0,0,0,0,0,0,0,0,0,0,0,0
"Chloroflexaceae",0,0,0,0,0,0,0,0,0,0,0,0,0,0,0,0,0,6,0,0,0,0,0,0,0,0,0,0,0,0,0,0,0,0,0,0,0,0,0,0,0,30,0,0,0,0,0,0,0,0,0,0,0,0,0,0,0,0,0,0,0,0,0,0,0,0,0,0,0,0,0,0,0
"Christensenellaceae",0,0,0,0,0,0,0,0,0,0,0,0,0,0,0,0,0,0,25,0,0,0,0,0,0,0,0,0,0,0,0,0,0,0,0,0,0,0,0,0,0,0,0,0,0,0,0,0,0,0,0,0,0,5,0,0,0,0,0,0,6,0,0,0,0,0,0,0,0,0,0,0,0
"Chromobacteriaceae",0,9,0,0,0,0,0,0,0,0,0,0,0,0,0,0,0,0,0,0,0,0,0,0,0,0,0,0,0,0,0,0,0,0,0,0,0,0,0,0,0,0,0,0,0,0,0,0,0,0,0,0,0,0,0,0,0,0,0,0,0,0,0,0,0,0,0,0,0,0,0,0,0
"Chroococcidiopsaceae",0,0,0,0,0,0,0,0,0,0,0,0,0,0,0,0,0,0,0,0,0,0,0,0,0,0,0,0,0,0,0,23,0,0,0,0,0,0,0,0,0,0,0,0,0,0,0,0,0,0,0,0,0,0,0,0,0,0,0,7,0,0,0,0,0,0,29,0,0,0,0,0,0
"Chthoniobacteraceae",0,0,0,0,0,20,0,0,0,35,0,34,0,0,21,0,0,0,51,0,36,0,37,0,0,16,0,0,0,0,0,0,0,0,73,137,0,0,0,0,0,0,0,0,0,0,40,0,0,0,0,0,0,0,0,0,0,0,0,0,0,0,0,0,0,0,54,0,0,0,0,0,0
"Clade_III",0,37,3,0,0,0,0,0,4,0,0,0,4,0,4,0,0,0,0,0,0,0,30,0,0,0,0,0,0,0,0,76,0,0,0,0,25,0,0,0,0,0,0,0,0,0,12,0,0,0,0,4,0,0,0,0,0,50,0,0,0,0,0,0,0,0,0,0,0,0,14,6,0
"Clostridiaceae",0,0,48,0,0,0,102,0,0,46,0,0,0,0,82,0,64,0,0,52,0,0,49,0,0,52,46,0,25,10,0,43,0,0,0,36,0,31,81,0,0,3,0,0,0,24,0,0,0,0,0,0,0,0,0,0,0,0,0,0,0,0,0,0,64,0,0,38,21,0,0,0,9
"Colwelliaceae",0,0,0,0,0,0,0,0,0,0,0,0,0,0,0,0,0,0,0,0,0,0,0,0,0,0,0,0,0,0,0,0,0,0,9,0,0,0,0,0,0,0,0,0,0,0,0,0,0,0,0,0,0,0,0,0,0,0,0,0,0,0,0,0,0,0,0,0,0,0,0,0,0
"Comamonadaceae",155,71,0,0,249,162,97,0,0,293,107,60,0,0,0,0,0,0,79,147,0,187,204,0,52,0,150,71,72,0,117,156,149,0,182,0,0,0,61,109,122,117,0,121,0,0,85,48,0,0,247,0,0,0,157,0,111,0,0,45,0,0,0,0,72,0,68,16,0,38,0,0,0
"Coriobacteriaceae",0,0,0,0,0,0,0,0,0,0,0,0,0,0,0,0,0,0,0,0,0,0,0,0,0,0,0,0,0,0,0,18,0,0,0,0,0,0,0,0,0,0,0,0,0,0,0,0,0,0,0,0,0,0,0,0,0,0,0,0,0,0,0,0,0,0,0,0,0,0,0,0,0
"Corynebacteriaceae",0,34,0,0,0,0,59,0,0,0,0,0,0,0,0,99,0,0,0,130,126,0,36,0,0,41,0,57,0,0,0,0,81,0,0,0,30,0,94,68,0,0,15,60,0,0,58,83,164,0,68,0,0,0,77,81,0,68,104,77,0,0,0,65,32,0,110,0,0,0,121,0,0
"CPla-3_termite_group",3,0,0,0,0,0,0,0,0,0,0,0,0,0,0,0,0,0,0,0,0,0,0,0,0,0,0,0,0,0,0,0,0,0,0,0,0,15,0,22,0,0,0,0,0,0,0,0,0,0,0,0,0,0,0,0,0,0,0,0,0,0,0,0,0,0,0,0,0,0,0,0,0
"Criblamydiaceae",0,0,0,0,0,15,0,0,0,0,0,0,0,0,0,0,0,0,0,0,0,0,0,0,0,0,0,0,0,0,0,0,0,0,0,0,0,0,0,0,0,0,0,0,0,0,0,0,0,0,0,0,0,0,0,0,0,0,0,0,0,0,0,0,0,0,0,0,0,0,0,0,0
"Crocinitomicaceae",0,36,0,0,0,0,0,0,0,120,114,0,0,0,137,0,39,0,57,67,0,0,0,44,0,0,154,107,24,0,43,0,71,0,54,0,66,0,74,41,0,0,0,0,0,0,106,0,0,0,0,0,0,18,0,0,35,12,0,0,0,0,0,0,0,0,0,81,0,0,12,0,0
"Cryomorphaceae",0,25,0,0,0,0,0,0,0,0,0,0,0,0,0,0,0,0,17,0,0,0,0,0,0,0,0,0,0,0,0,0,0,0,0,0,0,0,0,0,0,0,0,0,0,0,0,0,0,0,0,0,0,0,0,0,0,0,0,0,0,0,0,0,0,0,0,0,0,0,0,0,0
"Cryptosporangiaceae",0,0,0,0,0,0,0,0,0,0,0,0,0,0,0,0,0,0,0,0,0,0,0,0,0,0,0,0,0,0,0,0,0,0,0,0,0,0,0,0,0,29,0,0,0,0,0,0,0,0,0,0,0,0,0,0,0,0,0,0,0,0,0,0,0,0,0,0,0,0,0,0,0
"Cyanobiaceae",0,58,109,29,0,64,51,0,0,267,268,162,0,0,166,160,124,0,90,64,112,0,110,257,0,0,140,113,56,0,67,75,71,0,50,67,31,0,111,0,0,0,0,0,0,0,112,0,117,0,0,0,0,0,0,0,0,60,86,0,0,0,20,0,128,0,39,49,0,0,0,0,0
"Cyclobacteriaceae",0,0,52,0,0,32,59,0,12,56,134,16,0,0,0,0,49,0,0,0,0,0,0,0,0,18,10,42,24,0,14,25,0,0,0,54,8,0,0,11,7,22,29,12,29,35,42,12,0,0,12,0,0,0,0,67,0,0,0,0,0,0,0,0,0,0,0,0,0,0,0,0,0
"Cytophagaceae",0,0,0,0,0,0,0,0,0,0,0,0,0,0,0,0,0,0,0,0,0,0,0,0,0,0,0,0,0,0,0,0,0,0,0,0,0,0,0,0,0,0,0,0,0,0,16,0,0,0,0,0,0,0,0,0,0,0,0,0,0,0,0,0,0,0,0,0,0,0,0,0,0
"D05-2",0,0,0,0,0,0,0,0,0,0,0,0,0,0,0,0,15,0,0,0,0,0,0,0,0,0,0,0,0,21,0,0,0,0,0,0,0,0,0,0,0,0,0,0,0,0,0,0,0,0,0,0,0,0,0,0,0,0,0,0,0,0,0,0,0,0,0,0,0,0,0,0,0
"Defluviitaleaceae",0,0,0,0,0,0,0,0,0,0,0,0,0,0,0,0,0,0,0,0,0,0,0,0,0,0,0,0,0,0,0,0,0,0,0,0,0,0,0,0,0,0,0,8,0,0,0,0,0,0,0,0,0,0,0,0,0,0,0,0,0,0,0,0,0,0,0,0,0,0,0,0,0
"Deinococcaceae",0,31,0,0,0,0,0,13,0,27,30,0,0,21,0,0,29,0,0,0,64,0,43,0,0,10,0,33,59,0,0,0,39,0,0,36,0,0,0,96,0,4,0,17,0,7,0,0,0,0,39,27,322,0,0,50,0,0,0,0,0,0,0,0,0,0,0,0,20,13,0,0,17
"Dermabacteraceae",0,0,0,0,0,0,0,0,99,0,0,67,0,45,0,0,0,76,0,0,169,0,0,0,0,222,18,46,0,453,0,0,0,0,0,0,6,283,0,0,0,0,0,0,0,47,0,0,107,0,41,35,0,0,0,0,0,0,0,0,85,0,0,13,0,0,0,0,0,0,0,0,0
"Dermacoccaceae",0,0,0,0,0,0,0,0,87,0,0,42,0,194,0,0,46,87,0,50,148,38,0,0,0,149,0,0,22,1528,0,0,0,0,0,0,7,577,0,0,0,0,0,0,0,170,18,0,0,117,47,73,259,62,0,0,0,93,0,0,0,0,0,0,0,48,0,0,0,0,0,0,0
"Dermatophilaceae",0,0,0,0,0,0,0,6,0,0,4,0,0,0,0,0,0,0,0,0,0,0,0,0,0,0,0,0,0,2,0,0,0,0,0,0,0,0,0,0,0,0,0,0,0,0,0,0,0,0,0,0,3,0,0,0,0,0,0,0,2,0,0,0,0,0,0,0,0,0,0,0,0
"Desulfitobacteriaceae",0,0,38,0,0,0,0,0,0,0,0,36,0,0,0,0,29,0,0,0,0,0,0,52,0,0,0,6,0,0,0,0,0,0,0,0,0,0,0,27,0,0,0,0,0,11,0,0,11,0,0,0,0,0,0,0,0,0,0,0,0,0,0,0,0,0,0,0,0,0,0,0,0
"Dethiobacteraceae",0,0,0,0,0,0,0,0,0,0,0,0,0,0,0,0,0,0,26,0,0,0,0,0,0,0,0,0,0,0,0,0,0,0,0,0,0,0,0,0,0,0,0,0,0,0,0,0,0,0,0,0,0,0,0,0,0,0,0,0,0,0,0,0,0,0,0,0,0,0,0,0,0
"Devosiaceae",39,0,24,10,0,27,0,0,0,0,0,25,0,0,0,0,0,0,0,0,0,0,0,0,0,0,26,28,0,10,30,0,0,0,0,35,0,29,0,0,0,48,0,0,0,0,0,11,33,0,12,0,0,0,0,40,0,77,0,0,64,0,0,0,46,0,0,24,8,7,0,0,0
"Dietziaceae",0,0,0,28,0,0,0,0,0,0,0,0,0,0,0,0,0,0,0,0,0,0,0,0,0,0,0,0,0,0,0,0,0,0,0,0,0,0,0,0,0,0,0,0,0,0,0,0,0,0,0,14,0,0,0,0,0,0,0,0,0,0,0,0,0,0,0,70,0,0,0,0,0
"Diplorickettsiaceae",0,0,0,0,0,0,0,0,0,0,0,0,0,0,0,0,0,0,0,0,0,0,0,0,0,0,0,0,0,0,0,0,0,0,0,0,0,0,0,0,0,4,0,0,0,0,0,0,0,0,22,0,22,0,0,0,0,0,0,0,0,0,0,0,0,0,0,0,0,0,0,0,0
"Dongiaceae",0,0,0,0,0,0,0,0,0,0,0,0,0,0,0,0,0,0,21,0,0,0,0,0,0,0,0,0,0,0,0,0,0,0,0,0,0,0,0,0,0,0,0,6,0,0,4,0,0,0,0,0,0,0,0,0,0,0,0,0,0,0,0,0,0,0,0,0,0,0,0,0,0
"Dysgonomonadaceae",0,0,0,0,0,0,72,0,0,0,0,0,0,0,0,0,0,0,0,0,0,0,0,0,0,0,0,0,0,0,19,0,0,0,0,0,0,0,0,0,0,0,0,0,0,0,0,0,0,0,0,0,0,0,0,0,0,0,0,0,0,0,0,0,0,0,0,0,0,0,0,0,0
"Eggerthellaceae",0,0,0,0,0,0,0,0,0,0,0,0,0,0,0,0,0,0,0,0,0,0,0,0,0,0,0,0,0,0,0,0,0,0,0,0,0,0,0,0,0,0,0,0,0,0,0,0,32,0,0,0,0,0,0,0,0,0,0,0,0,0,0,0,0,0,0,0,0,0,0,0,0
"Elsteraceae",0,0,0,0,0,0,0,0,0,0,0,0,0,0,0,0,0,0,0,0,0,0,0,0,0,0,0,0,0,4,0,4,0,0,0,0,0,0,0,0,0,0,0,0,0,0,0,0,0,0,0,0,0,0,0,0,0,0,0,0,0,0,0,0,0,0,0,0,0,0,0,0,0
"Enterobacteriaceae",810,238,199,117,2057,496,284,2570,273,144,111,62,1201,289,189,295,271,3325,446,59,36,1063,421,224,82,229,56,66,0,1041,138,171,59,68,139,50,179,1078,48,72,0,210,0,51,96,2249,97,70,0,180,72,36,0,296,155,115,240,88,84,86,0,5420,107,0,174,0,110,0,0,0,0,23,0
"Enterococcaceae",0,0,51,14,0,0,64,0,0,0,0,0,398,0,0,0,0,0,0,0,0,0,0,0,0,28,0,0,0,0,0,0,0,0,0,0,0,0,0,0,0,0,0,0,17,0,0,0,0,0,0,0,0,0,0,0,0,0,0,0,0,0,0,0,0,0,0,0,0,0,0,0,0
"Entomoplasmataceae",0,0,0,0,0,0,0,0,0,0,0,0,0,0,0,0,0,0,0,0,0,0,0,0,0,0,0,0,0,0,0,0,57,0,0,0,0,0,0,0,0,0,0,0,0,0,0,0,0,0,0,0,0,0,0,0,0,0,0,0,0,0,0,0,0,0,0,0,0,0,0,0,0
"env",0,0,0,0,0,0,0,0,0,0,0,0,0,0,0,0,0,0,0,0,0,0,0,0,0,0,0,0,8,0,0,0,0,0,0,23,0,0,0,0,0,0,0,0,0,9,0,0,0,0,0,0,0,0,0,0,0,0,61,0,0,0,0,0,0,0,0,0,0,0,0,0,0
"Erwiniaceae",110,0,0,145,27,0,0,9,38,0,0,0,0,163,17,0,0,4,0,0,0,255,19,0,0,117,0,0,0,0,0,31,0,505,0,28,0,0,0,3,0,197,0,61,63,1199,75,0,47,62,0,0,0,487,0,0,41,0,0,49,0,234,0,0,81,0,0,0,0,0,0,0,0
"Erysipelotrichaceae",0,0,0,0,0,0,0,0,0,0,0,0,0,0,0,0,0,0,0,0,0,0,0,0,0,0,0,0,0,0,0,22,0,0,0,36,0,0,0,0,0,0,7,0,0,0,0,0,0,0,0,0,0,0,0,0,0,0,0,0,0,0,0,0,0,0,0,0,0,0,0,0,0
"Ethanoligenenaceae",0,0,0,0,0,0,0,0,0,0,0,0,0,0,0,0,0,0,0,0,0,0,0,0,0,0,0,0,0,0,0,0,0,0,0,0,0,0,0,0,0,0,0,0,0,0,0,0,0,0,0,0,3,0,0,0,0,0,0,0,0,0,0,0,0,0,0,0,0,0,0,0,0
"Exiguobacteraceae",0,0,0,0,0,0,0,0,0,0,0,0,0,0,0,0,0,0,0,0,0,110,0,0,0,0,0,0,0,0,0,0,0,0,0,0,0,0,0,0,0,0,0,0,0,0,0,0,0,0,0,0,0,0,0,0,0,0,0,0,0,0,0,0,0,0,0,0,19,0,0,0,0
"f_unclassified_c__Acidimicrobiia",0,0,0,0,0,0,0,0,0,0,0,0,0,0,0,0,0,0,16,0,0,0,0,0,0,0,0,0,0,0,0,0,0,0,0,0,0,0,0,0,0,0,0,0,0,0,0,0,0,0,0,0,0,0,0,0,0,0,0,0,0,0,0,0,0,0,0,0,0,0,0,0,0
"f_unclassified_c__Acidobacteriae",0,0,0,39,0,0,0,0,0,0,0,0,0,12,0,0,0,0,0,41,0,0,0,0,0,10,0,0,0,0,0,0,0,0,0,0,0,0,0,0,0,0,5,0,0,0,0,0,0,0,0,0,0,0,0,0,0,0,0,0,0,0,0,0,0,0,0,0,0,0,0,0,0
"f_unclassified_c__Alphaproteobacteria",0,0,0,0,0,0,0,0,0,0,0,0,0,0,60,0,16,0,10,0,0,0,0,0,51,0,0,0,0,0,0,0,0,0,0,0,0,0,0,0,0,0,0,0,0,0,18,0,0,0,0,0,0,0,0,0,0,0,0,0,0,0,0,0,0,0,0,0,0,0,0,0,0
"f_unclassified_c__Bacilli",0,0,0,0,0,0,0,0,0,0,0,0,0,0,0,0,0,0,0,0,0,0,0,0,0,0,0,0,0,0,0,0,0,0,0,0,0,0,0,0,0,0,0,0,0,0,0,0,12,0,0,0,0,0,0,0,0,0,0,0,0,0,0,0,0,0,0,0,0,0,0,0,0
"f_unclassified_c__bacteriap25",0,0,0,0,0,0,0,0,0,0,0,0,0,0,0,0,0,0,13,0,0,0,0,0,0,0,0,0,0,0,0,0,0,0,0,0,0,0,0,0,0,0,0,0,0,0,0,0,0,0,0,0,0,0,0,0,0,0,0,0,0,0,0,0,0,0,0,0,0,0,0,0,0
"f_unclassified_c__BD2-11_terrestrial_group",0,0,0,0,0,0,0,0,0,0,0,0,0,0,0,0,0,0,16,0,0,0,0,0,0,0,0,0,0,0,0,0,0,0,0,0,0,0,0,0,0,0,0,0,0,0,0,0,0,0,0,0,0,0,0,0,0,0,0,0,0,0,0,0,0,0,0,0,0,0,0,0,0
"f_unclassified_c__BD7-11",0,0,0,0,0,0,0,0,0,0,0,0,0,0,0,0,0,0,26,0,0,0,0,0,0,0,0,0,0,0,0,0,0,0,0,0,0,0,0,0,0,0,0,0,0,0,0,0,0,0,0,0,0,0,0,0,0,0,0,0,0,0,0,0,0,0,0,0,0,0,0,0,0
"f_unclassified_c__Berkelbacteria",0,0,0,0,0,0,0,21,0,0,0,0,0,0,0,0,0,0,0,0,0,0,0,0,0,0,0,31,0,0,0,18,0,0,0,0,0,0,0,0,0,0,0,0,0,0,0,0,0,0,0,0,0,0,0,0,0,0,0,0,0,0,0,0,0,0,0,0,0,0,0,0,0
"f_unclassified_c__D8A-2",0,0,0,0,0,0,0,0,0,0,0,0,0,0,0,0,0,0,0,0,0,0,0,0,0,0,0,62,0,0,0,0,0,0,0,0,0,0,0,33,0,0,0,0,0,0,0,0,0,0,0,0,0,0,0,0,0,0,0,0,0,0,0,0,0,0,0,0,0,0,0,0,0
"f_unclassified_c__Dojkabacteria",0,0,0,0,0,0,0,36,0,0,0,0,0,0,0,0,0,0,0,0,0,0,0,0,0,0,0,0,0,0,0,0,0,0,0,0,0,0,0,0,0,0,0,0,0,0,0,0,0,0,0,0,0,0,0,0,0,0,0,0,0,0,0,0,0,0,0,0,0,0,0,0,0
"f_unclassified_c__Gammaproteobacteria",0,0,0,0,0,0,0,0,0,0,0,0,0,0,0,0,0,0,53,0,0,0,0,0,0,0,0,32,0,0,0,0,0,0,0,0,0,0,0,0,0,0,0,0,0,0,0,0,0,0,0,0,0,0,0,0,0,0,0,0,0,0,0,0,0,0,0,0,0,0,0,0,0
"f_unclassified_c__Gitt-GS-136",0,0,0,0,0,0,0,0,0,0,0,0,0,0,0,0,0,0,76,0,0,0,0,0,0,0,0,0,0,0,0,0,0,0,0,0,0,0,0,0,0,0,0,0,0,0,0,0,0,0,0,0,0,0,0,0,0,0,0,0,0,0,0,0,0,0,0,0,0,0,0,0,0
"f_unclassified_c__JG30-KF-CM66",0,0,0,0,0,0,0,0,0,0,0,0,0,0,0,0,0,0,0,0,0,0,0,0,0,0,0,0,0,0,0,0,0,0,0,30,0,0,0,0,0,0,0,0,0,0,0,0,0,0,0,0,0,0,0,0,0,0,0,0,0,0,0,0,0,0,0,0,0,0,0,0,0
"f_unclassified_c__KD4-96",0,0,0,0,0,0,0,0,0,0,0,0,0,0,0,0,0,0,125,0,0,0,0,0,0,0,0,0,0,0,0,51,0,0,45,44,0,0,0,43,0,2,12,11,0,22,0,0,0,0,0,0,28,0,0,0,0,0,0,11,0,0,0,0,0,0,0,0,0,0,0,0,0
"f_unclassified_c__Limnochordia",0,0,0,0,0,0,0,0,0,0,67,0,0,5,0,0,0,0,8,0,0,0,0,0,0,0,0,0,0,0,0,52,0,0,0,0,0,0,0,0,0,0,0,0,0,9,0,0,0,0,41,0,0,0,0,0,0,0,0,0,15,0,0,0,0,0,0,0,0,0,0,0,0
"f_unclassified_c__MB-A2-108",0,0,0,0,0,0,0,0,0,0,0,0,0,0,0,0,0,0,25,0,0,0,0,0,0,0,0,0,0,0,0,0,0,0,0,0,0,0,0,0,0,0,0,0,0,0,0,14,0,0,0,0,0,0,0,0,0,0,0,0,0,0,0,0,0,0,0,0,0,0,10,0,0
"f_unclassified_c__MVP-15",0,0,0,0,0,0,0,0,0,0,0,0,0,0,0,0,0,0,0,0,0,0,0,0,0,0,0,0,0,0,0,0,0,0,0,0,0,0,0,0,0,0,0,6,0,0,0,0,0,0,0,0,0,0,0,0,0,0,0,0,0,0,0,0,0,0,0,0,0,0,0,0,0
"f_unclassified_c__OLB14",0,0,0,0,0,0,0,0,0,0,0,0,0,0,0,0,0,0,42,0,0,0,0,0,0,0,0,0,0,0,0,0,0,0,0,0,0,0,0,0,0,0,0,0,0,0,0,0,0,0,0,0,0,0,0,0,0,0,0,0,0,0,0,0,0,0,0,0,0,0,0,0,0
"f_unclassified_c__Parcubacteria",0,0,0,0,0,0,0,0,0,0,0,0,0,0,0,0,165,0,0,0,0,0,0,0,0,0,0,54,0,0,0,0,0,0,0,0,0,0,0,0,0,0,0,0,0,0,0,0,0,0,0,0,0,0,0,0,0,0,0,0,0,0,0,0,30,0,0,0,0,0,0,0,0
"f_unclassified_c__S0134_terrestrial_group",0,0,0,0,0,0,0,0,0,0,0,0,0,0,0,0,0,0,98,0,0,0,0,0,0,0,0,0,0,0,0,0,0,0,0,0,0,0,0,0,0,0,0,0,0,0,0,0,0,0,0,0,0,0,0,0,0,0,0,0,0,0,0,0,0,0,0,0,0,0,0,0,0
"f_unclassified_c__Sericytochromatia",0,0,0,0,0,0,0,0,0,0,0,0,0,4,0,0,21,0,0,0,0,0,0,0,0,0,0,0,0,0,0,0,0,0,0,0,0,0,0,0,0,0,0,0,0,8,5,0,0,0,0,0,0,0,0,0,0,0,0,0,0,0,0,0,0,0,0,0,0,0,0,0,0
"f_unclassified_c__SHA-26",0,0,0,0,0,0,0,0,0,0,0,0,0,0,0,0,0,0,57,0,0,0,0,0,2,0,0,0,0,0,0,0,0,0,0,0,0,0,0,0,0,0,0,0,0,0,0,0,0,0,0,0,0,0,0,0,0,0,0,0,0,0,0,0,0,0,0,0,0,0,0,0,0
"f_unclassified_c__SL56_marine_group",0,0,0,0,0,0,0,0,0,0,0,0,0,0,0,0,0,0,0,0,0,0,0,0,0,0,0,0,0,0,0,50,0,0,0,0,0,0,0,0,0,0,0,0,0,0,7,0,0,0,0,0,0,0,0,0,0,0,0,0,0,0,0,0,0,0,0,0,0,0,0,0,0
"f_unclassified_c__Subgroup_11",0,0,0,0,0,0,0,0,0,0,0,0,0,0,0,0,0,0,13,0,0,0,0,0,0,0,0,0,0,0,0,0,0,0,0,0,0,0,0,0,0,0,0,0,0,0,0,0,0,0,0,0,0,0,0,0,0,0,0,0,0,0,0,0,0,0,0,0,0,0,0,0,0
"f_unclassified_c__Subgroup_18",0,0,0,0,0,0,0,0,0,0,0,0,0,0,0,0,0,0,26,0,0,0,0,0,0,0,0,0,0,0,0,0,0,0,0,0,0,0,0,0,0,0,0,0,0,0,0,0,0,0,0,0,0,0,0,0,0,0,0,0,0,0,0,0,0,0,0,0,0,0,0,0,0
"f_unclassified_c__Subgroup_5",0,0,0,0,0,0,0,0,0,0,0,0,0,0,0,0,0,0,12,0,0,0,0,0,0,0,0,0,0,0,0,0,0,0,0,0,0,0,0,0,0,0,0,0,0,0,0,0,0,0,0,0,0,0,0,0,0,0,0,0,0,0,0,0,0,0,0,0,0,0,0,0,0
"f_unclassified_c__Thermoleophilia",0,0,0,0,0,0,0,0,0,0,0,0,0,0,0,0,0,0,5,0,0,0,0,0,0,0,0,0,0,0,0,0,0,0,0,0,0,0,0,0,0,0,0,0,0,0,0,0,0,0,0,0,0,0,0,0,0,0,0,0,0,0,0,0,0,0,0,0,0,0,0,0,0
"f_unclassified_c__Verrucomicrobiae",0,73,68,90,0,0,0,0,0,86,36,0,0,0,51,35,0,0,0,137,0,0,66,33,69,77,74,34,0,0,41,0,74,0,125,57,42,0,145,43,38,0,9,0,41,0,177,18,0,0,0,0,0,0,0,0,0,28,0,0,0,0,0,0,0,0,0,0,0,0,0,28,0
"f_unclassified_c__WWE3",0,0,0,0,0,0,0,22,0,0,0,0,0,0,0,0,0,0,0,0,0,0,0,0,0,0,0,0,0,0,0,0,0,0,0,0,0,0,0,0,0,0,0,0,0,0,0,0,0,14,0,0,14,0,0,0,0,0,0,0,0,0,0,0,0,0,0,0,0,0,0,0,0
"f_unclassified_o__0319-6G20",6,0,0,0,0,0,0,0,0,0,0,0,0,0,0,0,0,0,62,0,14,0,0,33,0,2,0,0,13,0,0,0,0,3,0,57,25,0,0,32,0,0,0,16,0,0,0,0,0,0,0,5,0,0,0,0,0,0,0,0,0,0,0,0,0,0,0,0,0,0,4,0,0
"f_unclassified_o__0319-7L14",0,0,0,0,0,0,0,0,0,0,0,0,0,0,0,0,0,13,0,0,0,0,0,0,0,0,0,0,0,0,0,0,0,0,0,0,0,0,0,0,0,0,0,0,0,0,0,0,0,0,0,0,0,0,0,0,0,0,0,0,0,0,0,0,0,0,0,0,0,0,0,0,0
"f_unclassified_o__053A03-B-DI-P58",0,0,0,0,0,0,0,0,0,0,0,0,0,0,0,0,0,0,0,0,0,0,0,0,0,0,0,0,0,0,0,0,0,0,0,0,0,0,0,0,0,0,0,0,0,0,0,0,0,0,0,0,0,0,0,0,0,0,0,0,0,0,0,0,0,0,0,0,0,0,0,0,0
"f_unclassified_o__1-20",0,0,0,0,0,0,0,0,0,0,0,0,0,0,0,38,0,0,0,0,0,0,0,0,0,0,0,0,0,0,0,0,0,0,0,0,0,0,0,0,0,0,0,0,0,0,0,0,0,0,0,0,0,0,0,0,0,0,0,0,0,0,0,0,0,0,0,0,0,0,0,0,0
"f_unclassified_o__11-24",0,0,0,0,0,0,0,0,0,0,0,0,5,0,0,0,20,0,44,0,0,0,0,0,0,0,0,0,0,0,0,0,0,0,0,9,8,0,0,0,0,0,0,0,0,0,8,0,0,2,0,0,0,0,0,0,0,0,0,0,0,0,0,0,0,0,0,0,0,0,0,0,0
"f_unclassified_o__Absconditabacteriales_SR1",46,0,0,0,0,0,0,0,0,0,0,0,0,0,0,0,0,0,0,0,0,0,0,0,0,0,0,0,0,0,0,0,0,0,0,0,0,0,0,0,0,0,0,0,0,0,0,0,0,0,0,0,0,0,0,0,0,0,0,0,0,0,0,0,0,0,0,0,0,0,0,0,0
"f_unclassified_o__Acidobacteriales",0,0,0,0,0,0,0,0,0,0,0,0,0,0,0,0,0,0,0,0,0,0,0,0,0,0,0,0,0,0,0,0,0,0,0,0,0,0,0,0,0,0,0,0,0,0,0,0,0,0,12,0,0,0,0,0,0,0,0,0,0,0,0,0,0,0,0,0,0,0,0,0,0
"f_unclassified_o__Actinomarinales",0,0,0,0,0,0,0,0,0,0,0,0,0,0,0,0,0,0,40,0,0,0,0,0,0,0,0,0,0,0,19,0,0,0,0,0,0,0,0,0,0,0,0,0,0,0,0,0,0,0,0,0,0,0,0,0,0,0,0,0,0,0,0,0,0,0,0,0,0,0,0,0,0
"f_unclassified_o__Armatimonadales",0,0,0,0,0,0,0,0,0,0,0,0,0,0,0,0,0,0,0,0,0,0,0,0,0,0,0,17,0,0,0,0,0,0,0,0,0,0,0,0,0,0,0,0,0,0,0,0,0,0,0,0,0,0,0,0,0,0,0,5,0,0,0,0,0,0,0,0,0,0,0,0,0
"f_unclassified_o__Babeliales",0,0,0,0,0,0,0,0,0,0,0,0,0,0,0,0,0,0,0,0,0,0,41,0,0,0,0,0,0,0,0,0,0,0,0,0,0,0,0,28,0,0,0,0,0,0,0,0,0,0,0,0,14,0,0,0,0,0,0,0,0,0,0,0,0,0,0,0,0,0,0,0,0
"f_unclassified_o__Bacteroidetes_VC2",0,0,0,0,0,0,0,0,0,0,0,0,0,0,0,0,0,0,0,0,0,0,0,0,0,6,0,0,0,0,0,0,0,0,0,0,0,0,0,0,0,0,0,0,0,0,0,0,0,0,0,0,0,0,0,0,0,0,0,0,0,0,0,0,0,0,0,0,0,0,0,0,0
"f_unclassified_o__Blfdi19",0,0,0,0,0,22,0,0,0,31,0,0,0,0,0,0,0,0,0,0,0,0,0,0,0,0,0,0,0,0,0,0,0,0,0,0,0,0,0,0,0,0,0,0,0,0,0,0,0,0,0,0,0,0,0,0,0,0,0,0,0,0,0,0,0,0,0,0,0,0,0,0,0
"f_unclassified_o__Bradymonadales",6,0,0,12,12,10,14,0,0,0,0,6,0,0,33,0,10,0,0,0,0,0,0,0,4,9,0,0,0,0,0,0,0,0,0,0,0,0,0,0,9,0,0,0,0,0,0,0,0,0,0,0,0,0,0,0,0,0,0,0,0,0,0,0,0,0,0,0,0,0,0,0,7
"f_unclassified_o__C0119",0,0,0,0,0,0,0,0,0,0,0,0,0,0,0,0,0,0,0,22,0,0,0,0,0,0,0,0,0,0,0,0,0,0,27,0,0,0,0,0,0,0,0,6,0,0,31,0,0,0,0,0,0,0,0,0,0,0,0,0,0,0,0,0,0,9,0,0,0,7,0,0,0
"f_unclassified_o__Caenarcaniphilales",0,0,0,0,0,0,0,0,0,19,0,0,0,0,0,0,0,0,0,0,0,0,0,0,0,0,0,0,0,0,0,0,0,0,0,0,0,0,0,0,0,0,0,0,0,0,0,0,0,0,0,0,0,0,0,0,0,0,0,0,0,0,0,0,0,0,0,0,0,0,0,0,0
"f_unclassified_o__Candidatus_Adlerbacteria",0,0,0,0,0,0,0,0,0,0,0,0,0,0,0,0,44,0,0,0,0,0,0,0,0,0,0,0,0,0,0,0,0,0,0,0,0,0,0,0,0,0,0,0,0,0,0,0,0,0,0,0,17,0,0,0,0,0,0,0,0,0,0,0,0,0,0,0,0,0,0,0,0
"f_unclassified_o__Candidatus_Kaiserbacteria",0,0,0,0,0,0,0,0,0,0,0,0,0,0,0,0,0,0,0,0,0,0,0,0,0,0,0,0,0,0,0,0,0,0,0,0,0,0,0,0,0,0,0,0,0,0,0,0,0,0,0,0,18,0,0,0,0,0,0,0,0,0,0,0,0,0,0,0,0,0,0,0,0
"f_unclassified_o__Candidatus_Liptonbacteria",0,0,0,0,0,0,0,0,0,0,0,0,0,0,0,0,0,0,10,0,0,0,0,0,0,0,0,0,0,0,0,0,0,0,0,0,0,0,0,0,0,0,0,0,0,0,0,0,0,0,0,0,0,0,0,0,0,0,0,0,0,0,0,0,0,0,0,0,0,0,0,0,0
"f_unclassified_o__Candidatus_Lloydbacteria",0,0,0,0,0,0,0,0,0,35,0,0,0,0,0,0,0,0,0,0,0,0,0,0,0,0,0,0,0,0,0,48,0,0,0,0,0,0,0,0,0,0,0,0,0,0,0,0,0,0,0,0,0,0,0,0,0,0,0,0,0,0,0,0,0,0,0,0,0,0,0,0,0
"f_unclassified_o__Candidatus_Magasanikbacteria",0,0,0,0,0,0,0,0,0,0,0,0,0,0,0,0,0,0,0,0,0,0,0,0,0,0,0,0,0,0,0,0,0,0,0,0,0,0,0,0,0,0,0,0,13,0,0,0,0,0,0,0,0,0,0,0,0,0,0,0,0,0,0,0,0,0,0,0,0,0,0,0,0
"f_unclassified_o__Candidatus_Moranbacteria",0,0,0,0,0,0,0,24,0,0,0,0,0,0,0,0,0,0,0,0,0,0,0,0,0,0,0,0,0,0,0,0,0,0,0,0,0,0,0,0,0,0,0,0,0,0,0,0,0,0,0,0,43,0,0,0,0,0,0,0,0,0,0,0,0,0,0,0,0,0,0,0,0
"f_unclassified_o__Candidatus_Nomurabacteria",12,0,0,0,0,0,13,27,0,0,0,0,0,0,0,0,63,14,0,0,0,0,0,0,0,0,0,38,0,0,0,0,0,0,0,0,0,0,0,0,0,9,0,19,0,0,0,0,0,0,0,0,12,0,0,0,0,0,0,0,0,0,0,0,0,0,0,0,0,0,0,0,0
"f_unclassified_o__Candidatus_Pacebacteria",0,0,0,0,0,0,0,14,0,0,0,0,0,0,0,0,0,0,0,0,0,0,0,0,0,0,0,0,0,0,0,0,0,0,0,0,0,0,0,0,0,0,0,0,0,0,0,0,0,0,0,0,0,0,0,0,0,0,0,0,0,0,0,0,0,0,0,0,0,0,0,0,0
"f_unclassified_o__Candidatus_Peregrinibacteria",0,0,0,0,0,0,0,0,0,0,0,0,0,0,0,0,0,0,0,0,0,0,0,0,0,0,0,0,0,0,0,0,0,0,0,0,0,0,0,0,0,0,0,0,0,0,0,0,0,0,0,0,13,0,0,0,0,0,0,0,0,0,0,0,0,0,0,0,0,0,0,0,0
"f_unclassified_o__Candidatus_Peribacteria",0,0,0,0,0,0,0,0,7,0,0,0,0,0,0,0,0,0,0,0,0,0,0,0,0,0,0,0,0,0,0,0,0,0,0,0,0,0,0,0,0,0,0,0,0,0,0,0,0,0,0,0,0,0,0,0,0,0,0,0,0,0,0,0,0,0,0,0,0,0,0,0,0
"f_unclassified_o__CCD24",0,0,0,0,0,0,0,0,0,0,0,0,0,0,0,0,0,0,46,0,0,0,0,0,0,0,0,0,0,0,0,0,0,0,0,0,0,0,0,0,0,0,0,0,0,0,0,0,0,0,0,0,0,0,0,0,0,0,0,0,0,0,0,0,0,0,0,0,0,0,0,0,0
"f_unclassified_o__Chitinophagales",0,24,0,0,0,38,40,0,0,0,0,0,6,0,0,0,0,0,0,0,32,0,0,0,0,0,0,0,0,0,0,0,0,4,0,25,0,4,0,0,0,0,5,0,10,8,0,0,0,0,0,0,0,0,0,0,0,0,0,0,0,0,0,0,0,0,0,0,0,0,0,0,0
"f_unclassified_o__Chthonomonadales",0,0,33,0,0,0,0,0,0,0,0,0,0,0,0,0,0,0,0,0,0,0,0,0,0,0,0,0,0,0,0,0,0,0,0,0,0,0,0,0,0,0,0,0,0,0,0,0,0,0,26,0,0,0,0,0,0,0,0,0,0,0,0,0,0,0,0,0,0,0,0,0,0
"f_unclassified_o__Clostridia_UCG-014",0,0,0,0,0,0,0,0,0,0,0,0,0,0,0,0,0,0,0,0,0,0,0,0,0,0,0,0,0,0,0,0,0,0,0,0,0,0,0,0,0,0,12,0,0,0,0,0,0,0,0,0,0,0,0,0,0,0,0,0,0,0,0,0,0,0,0,0,0,0,0,0,0
"f_unclassified_o__Clostridia_vadinBB60_group",0,0,0,0,0,0,0,0,0,0,43,0,0,0,0,0,0,0,0,38,0,0,0,0,0,0,0,0,0,0,0,0,0,0,0,0,19,0,0,0,0,0,0,25,33,3,0,0,0,0,0,0,0,0,0,0,86,0,0,0,0,0,0,0,0,0,0,0,0,0,0,0,0
"f_unclassified_o__Cyanobacteriales",0,0,0,0,0,0,0,0,0,0,0,0,0,7,0,0,0,0,0,0,0,0,0,0,0,0,0,0,0,0,0,0,0,0,0,0,0,0,0,0,0,0,0,0,0,0,0,0,0,0,0,0,0,0,0,0,0,0,0,0,0,0,0,0,0,0,0,0,0,0,0,0,0
"f_unclassified_o__Desulfotomaculales",0,0,0,0,0,0,0,0,0,0,0,27,0,0,0,0,0,0,0,0,0,0,0,0,0,0,0,0,0,0,0,0,0,0,0,0,0,0,0,0,0,0,0,0,0,0,0,0,0,0,0,0,0,0,0,0,0,0,0,0,0,0,0,0,0,0,0,0,0,0,0,0,0
"f_unclassified_o__Elev-16S-573",0,0,0,0,0,0,0,0,0,0,0,0,0,0,0,0,0,0,2,0,0,0,0,0,0,0,0,0,0,0,0,0,0,0,0,0,0,0,0,0,0,0,0,0,0,0,0,0,0,0,0,0,0,0,0,0,0,0,0,0,0,0,0,0,0,0,0,0,0,0,0,0,0
"f_unclassified_o__Elsterales",0,0,0,0,0,0,0,0,0,0,0,0,0,0,0,0,0,0,0,0,0,0,0,0,0,0,0,0,18,0,0,0,0,0,0,0,0,0,0,0,0,0,0,0,0,0,0,0,0,0,0,0,0,0,0,0,0,0,0,22,0,0,0,0,0,0,0,0,0,0,0,0,0
"f_unclassified_o__Fibrobacterales",0,0,0,0,0,0,0,0,0,0,0,0,0,0,0,0,0,0,45,0,0,0,0,0,0,0,0,0,0,0,0,0,0,0,0,0,0,0,0,0,0,0,0,0,0,0,0,0,0,0,0,0,0,0,0,0,0,0,0,0,0,0,0,0,0,0,0,0,0,0,0,0,0
"f_unclassified_o__Frankiales",0,0,0,0,0,0,0,0,0,0,0,0,0,22,0,0,71,0,0,41,0,0,0,0,0,0,0,24,25,0,0,0,0,0,0,0,0,0,0,0,0,0,0,0,0,0,0,0,62,0,0,0,70,0,0,0,0,0,0,0,0,0,0,0,0,0,0,0,0,0,0,0,0
"f_unclassified_o__Gaiellales",0,0,0,0,0,0,0,14,0,23,0,17,0,0,0,0,19,0,68,0,0,0,0,37,0,0,18,0,7,0,0,15,0,0,0,39,9,0,0,0,0,0,0,0,0,0,0,0,0,0,0,0,18,0,0,0,76,0,0,0,0,0,0,0,0,0,0,0,0,0,0,0,0
"f_unclassified_o__Gammaproteobacteria_Incertae_Sedis",0,11,0,0,0,0,0,0,0,0,29,0,0,0,13,0,16,0,56,0,0,0,0,0,0,0,0,0,0,0,0,57,0,0,0,0,0,0,0,0,0,0,0,0,0,0,8,0,0,0,0,0,6,0,0,0,0,0,0,0,0,0,0,0,0,0,0,0,0,0,0,5,0
"f_unclassified_o__Gastranaerophilales",0,0,0,0,0,0,0,0,0,0,0,0,0,0,0,0,0,0,0,0,0,0,0,0,0,0,0,0,0,0,0,0,0,0,0,0,0,0,0,13,0,0,0,0,0,0,0,0,0,0,0,0,0,0,0,0,0,0,0,0,0,0,0,0,0,0,0,0,0,0,0,0,0
"f_unclassified_o__IMCC26256",0,0,0,0,0,0,0,0,0,0,0,0,0,3,0,0,0,0,122,0,0,0,0,0,0,0,0,0,28,0,0,14,0,8,0,0,0,0,0,30,0,0,0,0,0,0,0,0,0,0,34,0,26,26,0,48,0,0,0,0,0,0,0,0,0,0,0,0,0,0,0,0,0
"f_unclassified_o__JG36-TzT-191",0,0,0,0,0,0,0,0,0,0,0,14,0,0,0,0,0,0,0,0,0,0,0,0,0,0,0,0,0,0,0,0,0,0,0,0,0,0,0,0,0,0,0,0,0,0,0,0,0,0,0,0,0,0,0,0,0,0,0,0,0,0,0,0,0,0,0,0,0,0,0,0,0
"f_unclassified_o__JGI_0000069-P22",0,0,0,0,0,0,0,0,0,0,0,0,0,0,0,0,0,0,0,0,0,0,0,0,0,0,0,0,0,0,0,0,0,0,0,0,0,0,0,0,0,0,0,13,0,0,0,0,0,0,0,0,0,0,0,0,0,0,0,0,0,0,0,0,0,0,0,0,0,0,0,0,0
"f_unclassified_o__Kapabacteriales",0,19,55,5,0,0,95,22,0,49,46,40,0,0,50,64,85,0,0,84,0,0,0,0,6,22,91,0,67,0,45,75,5,0,118,46,29,0,104,0,10,0,3,12,53,0,89,64,0,0,0,0,0,0,0,0,0,0,0,0,0,0,0,0,0,0,0,0,0,0,0,0,9
"f_unclassified_o__KI89A_clade",0,0,0,0,0,0,0,0,0,0,0,0,0,0,0,0,0,0,14,0,0,0,0,0,0,0,0,0,0,0,0,0,0,0,0,0,0,0,0,0,0,0,0,0,0,0,0,0,0,0,0,0,0,0,0,0,0,0,0,0,0,0,0,0,0,0,0,0,0,0,0,0,0
"f_unclassified_o__Micavibrionales",0,0,0,0,0,0,0,0,0,0,0,0,0,0,0,0,0,0,0,0,0,0,0,0,0,0,0,0,17,0,0,0,0,0,0,0,0,0,0,0,0,0,0,0,0,0,0,0,0,0,0,0,0,0,0,0,0,0,0,0,0,0,0,0,0,0,0,0,0,0,0,0,0
"f_unclassified_o__Microtrichales",0,0,0,0,0,0,0,0,0,0,0,0,0,0,0,0,0,0,0,48,0,0,0,0,0,0,0,0,0,0,0,0,0,0,0,48,39,0,0,0,0,0,0,0,0,0,0,0,0,0,0,36,8,0,0,0,0,0,0,0,0,0,0,0,0,0,0,0,0,0,0,0,0
"f_unclassified_o__mle1-27",0,0,0,0,0,0,0,0,0,0,0,0,0,0,0,0,0,0,0,0,0,0,0,0,0,7,0,0,0,0,0,0,0,0,0,0,0,0,0,0,0,0,0,0,0,0,0,0,0,0,0,0,0,0,0,0,0,0,0,0,0,0,0,0,0,0,0,0,0,0,0,0,0
"f_unclassified_o__mle1-8",0,0,0,0,0,0,0,0,0,0,0,0,0,0,0,0,0,0,58,0,0,0,0,0,0,0,0,0,0,0,0,0,0,0,0,0,0,0,0,0,0,0,0,0,0,0,0,0,0,0,0,0,0,0,0,0,0,0,0,0,0,0,0,0,0,0,0,0,0,0,0,0,0
"f_unclassified_o__Oligoflexales",0,0,0,0,0,25,0,0,0,53,0,0,0,0,0,0,32,0,0,0,0,0,0,0,0,0,0,0,0,0,4,0,0,0,35,0,0,0,0,0,0,0,0,0,0,0,24,0,35,0,0,37,0,0,0,0,0,0,0,0,0,0,0,0,0,0,0,0,0,0,0,9,0
"f_unclassified_o__OPB41",0,0,0,0,0,0,0,0,0,0,0,0,0,0,0,0,0,0,0,0,0,0,0,0,0,0,0,0,0,0,0,0,0,0,0,0,0,0,0,0,0,0,0,0,0,0,0,0,0,0,13,0,0,0,0,51,0,0,0,0,0,0,0,0,0,0,0,0,0,0,0,0,0
"f_unclassified_o__Oxyphotobacteria_Incertae_Sedis",0,0,0,0,0,0,0,0,0,30,0,0,0,0,0,0,0,0,0,0,0,0,0,0,0,0,0,0,0,0,0,0,0,0,0,0,0,0,0,0,0,0,0,0,0,0,0,0,0,0,0,0,5,0,0,0,0,0,0,0,0,0,0,28,0,0,0,0,0,0,0,0,0
"f_unclassified_o__PB19",0,0,0,0,0,0,0,0,0,0,0,0,0,0,0,0,0,0,0,0,0,0,0,0,0,0,0,0,0,0,0,0,0,0,0,0,0,0,0,0,0,0,0,0,0,0,0,0,0,0,0,18,0,0,0,0,0,0,0,0,0,0,0,0,0,0,0,0,0,0,0,0,0
"f_unclassified_o__PeM15",0,22,0,0,0,0,0,0,0,0,0,0,0,0,0,0,0,0,0,0,0,0,0,0,0,0,0,0,0,0,0,0,0,0,0,0,0,0,0,0,0,0,0,0,0,0,0,0,0,0,28,0,0,0,0,0,0,0,0,0,0,0,0,0,0,0,0,0,0,0,0,0,0
"f_unclassified_o__Peptostreptococcales-Tissierellales",0,0,0,0,0,0,0,0,0,0,0,0,0,0,0,27,0,0,0,19,0,0,0,0,0,0,0,0,0,0,0,0,0,0,0,0,27,0,0,8,0,0,0,0,0,0,0,0,15,0,0,0,0,14,0,0,0,0,0,0,0,0,0,18,0,0,0,0,0,0,0,0,0
"f_unclassified_o__Planctomycetales",0,0,0,0,0,0,0,0,0,0,0,0,0,0,0,0,0,0,17,0,0,0,0,0,0,0,0,0,0,0,0,0,0,0,0,0,0,0,0,0,0,10,0,0,0,0,0,0,0,0,0,29,52,0,0,0,0,0,0,0,0,0,0,0,0,0,0,0,0,0,0,0,0
"f_unclassified_o__PLTA13",0,0,0,0,0,0,0,0,0,0,0,0,0,0,0,0,0,0,27,0,0,0,0,0,0,0,0,0,0,0,0,0,0,0,0,0,0,0,0,0,0,0,0,0,0,0,0,0,0,0,0,0,0,0,0,0,0,0,0,0,0,0,0,0,0,0,0,0,0,0,0,0,0
"f_unclassified_o__R7C24",0,0,0,0,0,0,0,0,0,0,0,0,0,0,0,0,0,0,13,0,0,0,0,0,0,0,0,0,0,0,0,0,0,0,0,0,0,0,0,0,0,0,0,0,0,0,0,0,0,0,0,0,0,0,0,0,0,0,0,0,0,0,0,0,0,0,0,0,0,0,0,0,0
"f_unclassified_o__RBG-13-54-9",0,0,0,0,0,0,0,30,0,0,0,0,0,0,0,0,0,0,17,0,30,0,0,0,0,0,0,0,0,0,0,0,0,0,0,0,0,0,0,0,0,0,0,0,0,0,0,0,0,0,0,0,0,0,0,0,0,0,0,0,0,0,0,0,0,0,0,0,0,0,0,0,0
"f_unclassified_o__Rhizobiales",0,0,0,0,0,0,0,0,0,0,0,0,0,0,0,0,0,0,25,0,17,0,0,0,0,0,0,0,0,0,0,0,0,0,0,0,0,0,0,0,0,0,0,0,0,0,0,0,0,0,0,0,0,0,0,0,0,0,0,0,0,0,0,0,0,0,0,0,0,0,0,0,0
"f_unclassified_o__Rhodospirillales",0,0,0,0,0,0,0,0,0,0,0,0,0,0,0,0,0,0,0,0,0,0,23,0,0,0,0,0,0,0,0,0,0,0,0,0,0,9,0,0,0,0,0,27,0,0,10,56,0,0,16,0,0,0,0,0,0,0,0,0,0,0,0,0,0,0,0,0,0,0,0,0,0
"f_unclassified_o__Rickettsiales",0,0,0,0,0,0,0,0,7,50,0,0,0,0,0,0,0,0,0,0,0,0,0,0,0,0,0,0,0,0,0,0,29,0,0,0,0,0,0,0,0,0,0,0,0,0,0,0,0,0,0,0,0,0,0,0,0,0,0,0,0,0,0,0,0,0,0,0,0,0,0,0,0
"f_unclassified_o__S-70",0,0,0,0,0,0,0,0,0,0,0,0,0,0,0,0,0,0,8,0,0,0,0,0,0,0,0,0,0,0,0,0,0,0,0,0,0,0,0,0,0,0,0,0,0,0,0,0,0,0,0,0,0,0,0,0,0,0,0,0,0,0,0,0,0,0,0,0,0,0,0,0,0
"f_unclassified_o__S085",0,0,0,0,0,0,0,0,0,0,0,0,0,0,0,0,0,0,12,0,0,0,0,0,0,0,0,0,0,0,0,0,0,0,0,0,0,0,0,0,0,0,0,0,0,0,0,0,0,0,0,0,0,0,0,0,0,0,0,0,0,0,0,0,0,0,0,0,0,0,0,0,0
"f_unclassified_o__Saccharimonadales",45,0,0,0,0,0,0,18,6,0,0,0,0,8,0,0,36,23,111,0,0,0,0,0,0,0,0,13,22,13,0,50,0,0,78,0,0,56,0,19,0,29,0,0,43,0,30,0,0,0,0,0,73,0,0,0,0,0,0,52,6,0,0,0,0,0,0,0,0,0,0,0,26
"f_unclassified_o__SBR1031",0,0,0,0,0,0,0,0,0,0,0,0,0,0,0,0,0,0,19,0,0,0,0,0,0,0,0,0,0,0,0,0,0,0,0,0,0,0,0,0,0,0,0,0,0,0,0,0,0,0,0,0,0,0,0,0,0,0,0,0,0,0,0,0,0,0,0,0,0,0,0,0,0
"f_unclassified_o__SJA-15",0,0,0,0,0,0,0,0,0,0,0,0,0,0,0,0,0,0,0,0,0,0,0,0,0,0,0,0,0,0,0,0,0,0,0,0,0,0,0,0,0,0,25,0,0,0,0,0,0,0,0,0,0,0,0,0,0,0,0,0,0,0,0,0,0,0,0,0,0,0,0,0,0
"f_unclassified_o__Subgroup_17",0,0,0,0,0,0,0,0,0,0,0,0,0,0,0,0,0,0,71,0,0,0,0,0,0,0,0,0,0,0,0,0,0,0,0,0,0,0,0,0,0,0,0,0,0,0,0,0,0,0,0,0,0,0,0,0,0,0,0,0,0,0,0,0,0,0,0,0,0,0,0,0,0
"f_unclassified_o__Syntrophales",0,0,0,0,0,0,0,0,0,0,0,0,0,0,0,0,0,0,0,0,0,0,0,0,0,0,0,0,0,0,0,0,0,0,0,0,0,0,0,0,0,0,0,0,0,0,0,0,0,0,0,0,0,0,0,0,0,0,0,0,0,0,0,0,0,0,0,0,0,0,0,0,0
"f_unclassified_o__Vicinamibacterales",0,0,0,0,0,0,0,0,0,0,0,0,0,0,10,0,0,0,66,0,0,0,0,0,0,0,0,0,0,0,0,0,0,0,0,0,0,0,0,9,0,0,0,0,0,0,6,0,0,0,0,0,4,0,0,0,0,0,14,0,0,0,0,0,0,0,0,0,0,0,0,0,0
"f_unclassified_o__Woesearchaeales",0,0,0,0,0,0,0,0,0,0,0,0,0,0,0,0,0,0,28,0,0,0,0,0,0,0,0,0,0,0,0,0,0,0,0,0,0,0,0,0,0,0,0,0,0,0,0,0,0,0,0,0,0,0,0,0,0,0,0,0,0,0,0,0,0,0,0,0,0,0,0,0,0
"f_unclassified_p__Armatimonadota",0,0,0,0,0,0,0,0,0,0,0,0,0,0,0,0,0,0,0,0,0,0,32,0,0,0,0,0,0,0,0,0,0,0,0,0,0,0,0,0,0,0,0,0,0,0,0,0,0,0,0,0,0,0,0,0,0,0,0,0,0,0,0,0,0,0,0,0,0,0,0,0,0
"f_unclassified_p__Firestonebacteria",0,0,0,0,0,0,0,0,0,0,0,0,0,0,0,0,0,0,0,0,0,0,0,0,0,0,0,0,0,0,0,0,0,0,0,0,0,0,0,0,0,0,0,0,0,0,0,0,0,0,0,0,0,0,0,0,0,0,0,17,0,0,0,0,0,0,0,0,0,0,0,0,0
"f_unclassified_p__MBNT15",0,0,0,0,0,0,0,0,0,0,0,0,0,0,0,0,0,0,13,0,0,0,0,0,0,0,0,0,0,0,0,0,0,0,0,0,0,0,0,0,0,0,0,0,0,0,0,0,0,0,0,0,0,0,0,0,0,0,0,0,0,0,0,0,0,0,0,0,0,0,0,0,0
"f_unclassified_p__NB1-j",0,0,0,0,0,0,0,0,0,0,0,0,0,0,0,0,0,0,15,0,0,0,0,0,0,0,0,0,0,0,0,0,0,0,0,0,0,0,0,0,0,0,0,0,0,0,0,0,0,0,0,0,0,0,0,0,0,0,0,0,0,0,0,0,0,0,0,0,0,0,0,0,0
"f_unclassified_p__SAR324_cladeMarine_group_B",0,0,0,0,0,0,24,0,0,0,0,0,0,0,43,0,0,0,0,0,0,0,0,0,0,21,0,0,0,0,0,0,0,0,0,0,0,0,18,0,0,0,0,0,0,0,0,0,0,0,0,0,0,0,0,0,0,0,0,0,0,0,0,0,0,0,0,0,0,0,0,0,0
"f_unclassified_p__WPS-2",0,0,0,0,0,0,0,0,0,0,0,0,0,0,0,0,0,0,0,0,0,0,0,0,0,0,0,0,0,0,0,0,0,0,0,0,0,0,0,0,0,0,0,0,0,0,0,0,0,0,0,0,0,0,43,0,0,0,0,9,0,0,0,0,0,0,0,0,0,0,0,0,0
"f_unclassified_p__WS4",0,0,0,0,0,0,0,0,0,0,0,0,0,0,0,0,0,0,0,0,0,0,0,0,0,0,0,0,0,0,0,0,0,0,0,0,0,0,0,0,0,0,0,0,0,0,0,0,0,0,0,0,0,0,0,0,0,0,0,0,0,0,0,0,0,0,0,0,0,7,0,0,0
"Family_III",0,0,0,0,0,0,0,25,0,0,0,0,0,0,0,0,32,0,0,0,0,0,0,0,0,0,0,0,0,0,0,0,0,0,0,0,0,0,0,0,0,0,0,0,0,0,0,0,0,0,0,0,0,0,0,0,0,0,0,0,0,0,0,0,0,0,0,0,0,0,0,6,0
"Fibrobacteraceae",0,0,0,0,0,0,0,0,0,0,0,0,0,0,0,0,0,0,0,0,0,0,0,0,0,0,0,0,0,0,0,17,0,0,0,0,0,0,0,0,0,0,0,0,0,0,0,0,0,0,0,0,0,0,0,0,0,0,0,0,0,0,0,0,0,0,0,0,0,0,0,0,0
"Fimbriimonadaceae",0,0,0,0,0,0,0,0,0,0,0,0,0,0,0,0,0,0,0,0,56,0,0,0,0,0,0,0,0,0,0,0,0,0,0,0,0,6,0,0,0,0,0,0,0,0,0,0,0,0,0,0,9,0,0,0,0,0,0,0,9,0,0,0,0,0,0,0,0,0,0,0,0
"Flavobacteriaceae",702,143,12,18,747,129,39,42,5,32,0,41,0,113,117,10,45,0,0,88,0,124,73,7,57,34,41,30,22,46,42,24,43,0,100,28,7,0,0,22,76,216,0,50,21,0,13,0,0,43,158,27,0,26,15,0,0,0,37,0,0,0,0,0,20,0,0,24,0,61,0,16,116
"Fokiniaceae",0,0,48,0,0,0,0,0,0,0,0,0,0,0,0,0,0,0,0,0,0,0,0,0,0,0,0,0,0,0,0,0,0,0,0,0,0,0,0,0,0,0,0,0,0,0,0,0,0,0,0,0,0,0,0,0,0,0,0,0,0,0,0,0,0,0,0,0,0,0,0,0,0
"Frankiaceae",0,0,32,0,0,0,0,0,0,0,0,0,0,0,0,0,72,0,0,0,0,0,0,39,0,0,0,43,0,14,0,0,0,0,0,0,0,13,18,0,0,0,0,0,0,0,0,0,0,18,0,0,0,0,0,0,0,0,0,0,21,0,0,0,0,0,0,0,0,0,0,0,0
"Gaiellaceae",0,0,0,16,0,26,0,0,0,0,0,0,0,0,0,0,0,0,21,0,0,0,0,0,0,0,0,0,0,0,23,0,17,0,0,46,0,0,0,0,0,0,0,0,7,0,0,0,0,0,0,0,43,0,0,0,0,0,0,0,0,0,0,0,0,0,0,0,0,0,21,0,0
"Gemellaceae",0,0,0,0,0,0,0,0,0,0,0,0,0,0,0,0,0,0,0,0,0,0,0,0,0,0,0,0,0,0,0,0,0,0,0,0,0,0,0,0,0,0,0,0,0,0,0,0,0,0,0,0,0,0,0,0,0,0,0,0,0,0,11,0,0,0,0,0,0,0,0,0,0
"Geminicoccaceae",0,0,0,0,0,0,0,0,0,0,0,0,0,0,0,0,0,0,0,0,0,0,0,0,0,0,0,0,0,0,0,0,0,0,0,0,0,0,0,10,0,0,0,0,0,0,0,0,0,0,0,0,0,0,0,0,0,0,0,0,0,0,0,0,0,0,0,0,0,0,0,0,0
"Gemmataceae",0,0,0,0,0,0,0,0,0,0,0,0,0,7,0,0,0,0,457,0,0,0,0,0,0,0,0,0,0,0,0,0,0,0,0,0,0,0,0,8,0,0,0,0,0,0,0,0,0,22,0,0,109,0,0,0,0,0,0,0,0,0,0,0,0,0,0,0,0,6,18,0,0
"Gemmatimonadaceae",0,12,70,0,0,0,0,8,0,24,0,0,0,0,0,59,29,0,49,49,72,0,0,32,0,0,28,0,10,0,0,0,0,0,55,18,0,4,25,0,0,0,0,15,0,0,19,0,0,0,0,10,0,0,0,0,0,0,0,0,41,0,0,0,0,0,44,0,0,11,0,0,46
"Geodermatophilaceae",0,0,53,0,0,0,0,0,0,0,0,0,0,12,0,0,40,0,0,0,0,0,0,53,0,33,0,0,286,52,30,103,20,0,33,0,29,0,0,59,0,0,19,66,0,0,0,0,0,0,17,0,0,0,0,0,0,0,0,0,0,0,0,59,0,0,0,0,50,0,0,0,0
"Gracilibacteraceae",0,0,0,0,0,0,0,0,0,0,0,0,0,0,0,0,0,0,35,0,0,0,0,0,0,0,0,0,0,0,0,0,0,0,0,0,0,0,0,18,0,0,0,0,0,0,0,0,0,0,0,0,0,0,0,0,0,0,0,0,0,0,0,0,0,0,0,0,0,0,0,0,0
"GW2011_GWC1_47_15",0,0,0,0,0,0,0,0,0,0,0,0,0,0,0,0,0,0,0,0,0,0,0,0,0,0,0,0,0,0,0,0,0,0,0,0,0,0,0,0,0,0,0,0,0,13,0,0,0,0,0,0,0,0,0,0,0,0,0,0,0,0,0,0,0,0,0,0,0,0,0,0,0
"Hafniaceae",0,0,0,0,14,0,0,0,0,0,0,0,0,0,0,0,0,0,0,0,0,0,0,0,0,0,0,0,0,0,0,0,0,0,0,0,0,0,0,0,0,0,0,0,0,0,0,0,0,0,0,0,0,0,0,0,0,0,0,0,0,0,0,0,0,0,0,0,0,0,0,0,0
"Haliangiaceae",0,0,0,0,0,0,0,0,0,42,0,0,0,0,0,0,0,0,91,0,0,0,0,0,0,0,0,0,19,0,0,0,0,0,0,0,0,0,0,0,0,0,0,0,0,0,0,0,0,0,0,0,13,10,0,0,0,0,0,0,0,0,0,0,0,0,0,0,0,0,0,0,0
"Halomonadaceae",0,0,0,0,0,0,0,0,0,0,0,0,0,0,0,0,0,0,0,0,0,0,0,0,0,0,0,20,0,0,0,0,0,0,0,0,0,0,0,0,0,0,0,0,0,0,0,0,17,0,62,0,0,0,0,0,0,0,0,0,0,0,0,0,0,0,0,0,0,0,0,0,0
"Haloplasmataceae",0,0,0,0,0,0,0,0,0,0,0,0,0,0,0,0,26,0,0,0,0,0,0,0,0,0,0,0,0,0,0,0,0,0,0,0,0,0,0,0,0,0,0,0,0,0,0,0,0,0,0,0,0,0,0,0,0,0,0,0,0,0,0,0,0,0,0,0,0,0,0,0,0
"Heliobacteriaceae",0,0,0,0,0,0,0,0,0,0,0,0,0,0,0,0,0,0,0,0,0,0,0,0,0,0,0,0,0,0,0,0,0,0,0,0,0,0,0,0,0,0,0,8,0,0,0,0,0,0,0,0,0,0,0,0,0,0,0,0,0,0,0,0,0,0,0,0,0,0,0,0,0
"Holophagaceae",0,0,0,0,0,0,0,0,0,0,0,0,0,0,0,0,0,0,0,0,0,0,0,0,0,0,0,0,0,0,0,0,0,0,0,26,0,0,0,0,0,0,0,0,0,0,0,0,0,0,0,0,0,0,0,0,0,0,0,0,0,0,0,0,0,0,0,0,0,0,0,0,0
"Holosporaceae",0,0,0,0,0,0,0,0,0,0,0,0,0,0,0,0,0,0,0,0,0,0,0,0,0,0,0,0,0,0,0,0,0,0,64,0,0,0,0,0,0,0,0,0,0,0,0,0,0,0,0,0,0,0,0,0,0,0,0,0,0,0,0,0,0,0,0,0,0,0,0,0,0
"Hungateiclostridiaceae",0,0,0,0,0,0,0,22,0,0,0,19,0,9,0,0,0,8,54,0,0,0,0,30,0,0,0,0,0,0,0,0,0,0,41,0,0,0,0,28,0,5,0,32,0,11,0,63,51,0,0,0,6,0,0,0,0,0,0,0,0,0,0,0,0,0,0,0,0,0,0,0,0
"Hydrogenophilaceae",0,0,0,0,0,0,0,0,0,0,56,0,0,0,0,0,0,0,12,0,0,0,0,0,0,0,0,0,0,0,25,0,0,0,0,0,0,0,0,0,0,0,0,0,0,0,33,0,0,0,0,0,0,0,0,0,0,0,0,0,0,0,0,0,0,0,0,0,0,0,11,0,0
"Hymenobacteraceae",0,18,0,0,0,0,28,0,0,0,0,0,0,0,0,0,0,0,0,49,0,0,0,37,0,0,0,0,0,0,0,0,0,0,0,0,0,0,10,17,0,46,6,0,0,24,0,0,0,0,11,0,46,0,0,0,0,0,0,0,0,0,0,0,0,0,0,0,264,0,0,0,0
"Hyphomicrobiaceae",0,14,0,0,0,0,0,0,0,0,0,0,0,0,36,0,0,0,110,0,0,0,0,0,0,0,0,0,0,47,0,14,0,0,0,0,0,23,0,0,43,0,0,0,0,0,8,0,0,7,37,0,17,0,0,0,0,0,0,0,0,0,0,0,0,0,0,0,0,0,0,0,5
"Hyphomonadaceae",0,0,0,0,0,0,0,0,0,0,0,0,0,0,0,0,0,0,0,0,0,0,0,0,0,0,0,0,0,0,0,0,0,0,0,0,0,0,0,0,0,0,0,0,0,0,14,0,0,0,0,0,0,0,0,0,0,0,0,0,0,0,0,0,0,0,0,0,0,0,0,0,0
"Iamiaceae",0,0,39,0,0,0,0,0,0,0,0,9,0,0,0,0,0,0,92,0,0,0,0,0,0,0,0,0,0,0,0,0,0,0,0,0,0,0,0,0,0,0,0,0,0,0,0,0,0,0,0,0,0,0,0,0,0,0,0,0,0,0,0,0,0,0,0,0,0,0,0,0,0
"Ilumatobacteraceae",0,0,0,0,0,44,69,0,0,109,0,0,0,0,0,54,0,0,38,31,0,0,0,0,0,0,66,0,28,0,0,0,0,0,0,52,44,0,0,0,40,0,0,25,48,0,16,0,0,0,0,0,0,0,0,0,0,0,0,24,0,0,42,0,58,0,0,0,0,0,0,0,0
"Intrasporangiaceae",22,0,0,38,0,0,33,0,0,40,0,231,0,79,45,0,98,0,0,12,0,0,0,51,0,10,0,0,39,0,0,79,0,48,0,88,0,6,14,59,0,14,20,29,0,0,0,0,0,27,77,0,128,0,0,76,0,0,0,0,23,0,0,0,0,44,0,0,0,0,0,0,0
"Isosphaeraceae",0,0,0,0,0,0,0,0,11,0,0,143,0,0,53,0,99,0,0,0,0,0,0,0,0,0,0,129,0,0,0,0,0,0,53,0,0,23,0,48,0,0,0,0,0,0,0,0,0,13,0,17,750,0,0,0,0,0,0,0,51,0,0,0,0,0,0,0,0,0,0,0,0
"JG30-KF-AS9",0,0,0,0,0,0,0,0,0,0,0,0,0,0,0,0,0,0,0,0,0,0,0,0,0,0,0,0,0,0,0,0,0,0,0,0,0,0,0,0,0,0,0,0,0,0,0,0,0,0,0,0,0,0,0,0,0,0,0,26,0,0,0,0,0,0,0,0,0,0,0,0,0
"JG30-KF-CM45",0,32,0,0,9,0,47,24,0,0,0,45,0,0,48,0,16,5,0,0,0,0,0,0,0,13,0,117,98,8,0,28,0,21,0,144,0,29,0,37,0,35,0,0,62,0,0,0,0,0,0,96,283,0,0,8,0,0,0,0,45,0,0,0,0,0,0,0,7,9,0,10,35
"Kaistiaceae",0,0,0,0,0,0,0,0,0,0,0,0,0,0,0,0,0,0,0,0,0,26,0,0,0,0,0,0,0,0,0,0,0,0,0,0,0,0,0,0,0,0,0,0,0,0,0,0,0,0,0,0,0,0,0,0,0,0,0,0,0,0,0,0,0,0,0,0,0,0,0,0,0
"KD3-93",0,0,0,0,0,0,25,0,0,0,0,0,0,0,0,0,0,0,0,0,0,0,0,0,0,0,0,0,0,0,0,0,27,0,0,0,0,0,0,0,0,0,0,0,0,0,0,0,0,0,0,0,0,0,0,0,0,0,0,0,0,0,0,0,0,0,0,0,0,0,0,0,0
"KF-JG30-B3",0,0,0,0,0,0,0,0,0,0,0,0,0,0,0,0,0,0,17,0,0,0,0,0,0,0,0,0,0,0,0,0,0,0,0,0,0,0,0,0,0,0,0,0,0,0,0,0,0,0,0,0,0,0,0,0,0,0,0,0,0,0,0,0,0,0,0,0,0,0,0,0,0
"Kiloniellaceae",0,0,0,0,0,0,0,0,0,0,0,0,0,0,0,0,0,0,12,0,0,0,0,0,0,0,0,0,0,0,0,0,0,0,0,0,0,0,0,0,0,0,0,0,0,0,0,0,0,0,0,0,0,0,0,0,0,0,0,0,0,0,0,0,0,0,0,0,0,0,0,0,0
"Kineosporiaceae",0,0,0,0,0,0,39,0,0,37,0,135,0,0,49,133,93,0,0,0,27,0,0,0,81,68,18,0,43,0,58,0,0,0,0,108,0,0,0,9,0,32,0,0,0,0,0,0,43,0,0,27,76,0,0,0,0,0,0,0,93,0,0,0,0,0,0,0,30,0,0,0,0
"Ktedonobacteraceae",65,0,0,47,0,81,33,0,19,54,0,197,0,141,42,55,394,86,0,0,138,0,37,48,0,42,40,143,47,22,4,71,0,0,46,122,24,124,0,0,0,35,39,0,48,110,0,104,74,2,224,810,861,39,0,172,141,24,58,67,39,0,23,12,38,22,0,0,20,93,17,113,148
"Labraceae",0,0,0,0,0,0,0,11,0,0,0,0,0,0,0,0,0,0,0,0,0,0,0,0,0,0,0,0,0,0,0,0,0,0,0,0,0,0,0,0,0,0,0,0,0,0,0,0,0,0,0,0,0,0,0,0,0,0,0,0,0,0,0,0,0,0,0,0,0,0,0,0,0
"Lachnospiraceae",0,28,0,0,0,0,0,0,0,25,0,0,0,0,0,0,0,0,0,0,24,0,0,0,0,0,0,0,0,0,0,148,0,0,0,0,0,0,0,0,0,0,0,0,0,0,0,19,33,0,82,33,0,0,0,0,44,0,64,0,0,0,0,45,56,0,58,0,20,13,95,9,0
"Lactobacillaceae",0,0,0,29,0,0,0,0,0,0,0,27,4989,0,0,27,0,0,0,0,18,0,0,0,0,70,0,0,35,0,0,0,0,0,0,0,46,0,0,0,0,0,0,0,30,0,0,20,78,0,27,0,0,0,48,0,0,0,32,0,47,0,0,34,42,0,0,0,0,0,0,0,0
"Leeiaceae",2,0,0,0,0,0,0,0,0,0,0,0,0,0,0,0,0,0,0,0,0,0,0,0,0,0,0,0,0,0,0,0,0,0,0,0,0,0,0,0,0,0,0,0,0,0,0,0,0,0,0,0,0,0,0,0,0,0,0,0,0,0,0,0,0,0,0,0,0,0,0,0,0
"Legionellaceae",0,0,0,0,0,0,0,0,0,0,0,0,0,0,0,0,0,0,0,0,0,0,0,0,0,0,0,0,0,4,0,0,0,0,0,0,0,0,0,0,0,0,0,0,0,0,0,0,0,0,0,0,0,0,0,0,0,0,0,0,0,0,0,0,0,0,0,0,0,0,0,0,0
"Leptospiraceae",0,0,0,0,0,0,0,0,0,0,0,0,0,10,0,0,0,0,0,0,0,0,0,0,0,0,0,37,0,0,28,0,0,0,0,0,0,0,0,0,0,0,0,0,0,0,0,0,0,0,0,0,0,0,0,0,0,0,0,0,0,0,0,0,0,0,0,0,0,0,0,0,0
"Leptotrichiaceae",0,0,0,0,0,0,0,0,0,0,0,0,0,0,0,0,0,0,0,0,0,0,0,30,0,0,0,0,30,0,0,0,0,0,0,0,0,0,0,0,0,0,0,0,0,0,0,0,0,0,0,0,0,0,0,0,0,0,0,0,0,0,0,0,0,0,0,0,0,0,0,0,0
"Leuconostocaceae",0,0,0,10,0,0,0,0,0,0,0,0,0,0,0,0,0,0,0,0,0,0,0,0,0,0,0,0,0,0,0,0,0,0,0,0,0,0,0,0,0,0,0,0,0,0,0,0,0,0,0,0,0,0,0,0,0,0,0,0,0,0,0,16,0,0,0,0,0,0,0,0,0
"Limnochordaceae",0,0,0,0,0,0,0,0,0,0,0,0,0,0,0,0,0,0,12,0,0,0,0,0,0,0,0,0,0,0,0,0,0,0,0,0,0,0,0,0,0,0,0,0,0,0,0,0,0,0,0,5,0,0,0,0,0,0,0,0,0,0,0,0,0,0,0,0,0,0,0,0,0
"Listeriaceae",0,0,0,7,0,0,0,0,0,0,0,0,625,0,0,0,0,0,0,0,0,0,0,0,0,0,0,0,0,0,0,0,0,0,0,0,0,0,0,0,0,0,0,0,0,0,0,0,0,0,0,0,0,0,0,0,0,0,0,0,0,0,0,19,0,0,0,0,0,0,0,0,0
"LiUU-11-161",0,12,0,0,0,0,0,0,0,0,0,0,6,0,0,0,0,0,0,38,0,0,0,0,0,0,0,0,0,0,0,0,0,0,44,0,0,0,0,0,0,0,0,0,5,0,0,0,2,0,0,0,0,0,0,0,0,0,0,0,0,0,0,0,0,0,50,0,0,0,0,0,0
"Longimicrobiaceae",0,0,0,0,0,0,0,0,0,0,0,0,0,0,0,0,0,0,0,0,0,0,0,0,0,0,38,0,12,0,0,0,0,0,0,35,0,0,0,0,0,0,0,0,0,0,0,0,0,0,0,0,0,0,0,0,0,0,0,29,0,0,0,0,0,0,0,0,0,0,0,0,0
"LWQ8",15,0,0,0,0,0,0,0,0,0,0,0,0,0,0,0,32,0,0,0,0,0,0,0,0,0,0,0,0,12,0,0,0,6,0,0,0,6,0,0,0,0,0,0,0,0,0,0,0,0,0,0,0,0,0,0,0,0,0,0,9,0,0,0,0,0,0,0,0,0,0,0,0
"Marinilabiliaceae",0,0,0,0,0,0,0,0,0,0,0,0,0,0,0,0,0,0,0,0,0,0,0,0,0,3,0,0,0,0,0,0,0,0,0,0,0,0,0,0,0,0,0,0,0,0,0,0,0,0,0,0,0,0,0,0,0,0,0,0,0,0,0,0,0,0,0,0,0,0,0,0,0
"Marinobacteraceae",0,0,0,0,0,0,30,0,0,0,0,0,0,0,0,0,0,0,0,0,0,0,0,0,0,0,0,0,32,0,0,0,0,0,0,0,0,0,0,0,0,0,0,0,0,0,0,0,0,0,0,0,0,0,0,0,0,0,0,0,0,0,0,0,0,0,0,0,0,0,0,0,0
"Marinococcaceae",0,0,0,0,0,0,0,0,0,0,0,0,0,0,0,0,0,0,0,0,0,0,0,0,0,0,0,0,13,0,0,0,0,0,0,0,0,0,0,0,0,0,0,0,0,0,0,0,0,0,0,0,0,0,0,0,0,0,0,0,0,0,0,0,0,0,0,0,0,0,0,0,0
"Methanocellaceae",0,0,0,0,0,0,0,0,0,0,0,0,0,0,0,0,0,0,0,0,0,0,0,0,0,0,0,0,0,0,0,0,0,0,0,0,0,0,0,0,0,0,0,0,0,0,0,0,0,0,0,0,0,0,0,0,0,0,0,0,0,0,0,0,0,0,0,0,0,0,0,0,10
"Methylacidiphilaceae",0,0,0,0,0,0,0,0,0,0,0,0,0,0,0,0,0,0,0,0,0,0,0,32,0,0,0,0,0,0,0,0,0,0,0,0,0,0,0,0,0,0,0,0,17,0,0,0,0,0,0,0,0,0,0,0,0,0,0,0,0,0,0,0,0,0,0,0,0,0,0,0,0
"Methylococcaceae",0,0,0,0,0,0,0,0,0,0,0,0,0,0,0,0,0,0,0,0,0,0,0,0,0,0,0,0,0,0,0,0,0,0,0,0,0,0,0,0,7,0,0,0,0,0,0,0,0,0,0,0,0,0,0,0,0,0,0,0,0,0,0,0,0,0,0,0,0,0,20,0,0
"Methyloligellaceae",0,0,0,0,0,0,0,0,0,0,0,0,0,0,0,0,0,0,99,0,0,0,0,0,0,0,0,0,0,0,0,0,0,0,0,0,0,0,0,0,0,0,0,0,0,0,0,0,0,0,0,0,0,0,0,0,0,0,0,0,0,0,0,0,0,0,0,0,0,0,0,18,0
"Methylomonadaceae",0,0,0,0,0,0,0,0,0,0,0,0,0,0,0,33,17,0,0,35,0,0,0,0,0,0,0,0,0,0,0,0,0,0,0,0,0,0,7,0,0,0,0,0,0,0,10,0,0,0,0,0,0,0,0,0,0,0,0,0,0,0,0,0,0,0,0,0,0,0,0,0,0
"Methylophilaceae",2584,182,198,0,250,83,37,0,180,78,14,68,9,1626,299,51,58,22,13,29,140,104,0,39,0,0,174,159,118,57,0,32,69,495,129,0,0,123,19,0,47,223,8,161,44,50,47,0,0,153,24,38,98,97,36,92,43,0,33,0,8,0,0,0,0,0,56,0,0,5,0,0,88
"Methylopilaceae",0,0,0,0,0,0,0,0,0,0,0,0,0,0,0,0,0,0,0,0,0,0,0,0,0,0,0,16,0,0,0,0,0,0,0,0,0,0,0,0,0,0,0,0,0,0,0,0,0,0,0,0,0,0,0,0,0,0,0,0,0,0,0,0,0,0,0,0,0,0,0,0,0
"Micavibrionaceae",9,0,0,0,0,0,0,6,0,0,0,0,0,0,0,0,0,0,0,0,0,0,0,0,0,0,0,0,0,0,0,34,0,0,0,0,0,0,0,0,0,20,0,0,0,0,0,0,0,0,0,0,6,0,0,0,0,0,0,0,0,0,0,0,0,0,0,0,0,0,0,0,0
"Microbacteriaceae",150,104,132,69,223,87,126,1926,150,0,32,201,0,1648,155,206,298,432,65,95,493,1350,77,111,56,399,74,112,68,800,50,171,69,595,165,123,96,323,0,230,58,868,0,144,123,1502,0,46,75,1152,63,352,1180,874,58,47,189,110,62,186,156,63,0,0,58,1655,50,0,415,49,142,56,259
"Micrococcaceae",105,0,71,39,124,119,130,0,38,0,119,804,0,113,0,177,178,139,0,18,123,127,215,41,43,126,69,71,39,521,34,74,0,181,32,46,0,113,32,114,46,308,24,37,70,142,0,61,85,311,0,233,713,0,71,105,42,62,57,92,155,61,0,228,41,548,50,61,37,186,96,0,83
"Micrococcales_Incertae_Sedis",0,0,0,0,0,0,0,0,0,0,0,0,0,0,0,0,29,0,0,0,0,0,0,0,0,0,0,0,0,2,0,0,0,0,0,0,0,5,0,0,0,0,0,0,0,0,0,0,0,0,0,0,0,0,0,0,0,0,0,0,0,0,0,0,0,0,0,0,0,0,0,0,0
"Microcystaceae",0,69,208,79,0,117,99,0,70,239,109,133,0,0,104,166,202,0,0,101,121,0,160,231,133,0,146,0,171,0,59,147,126,0,193,121,202,0,135,133,148,127,125,46,179,0,181,148,68,0,132,0,0,0,143,0,72,110,79,73,0,0,106,0,39,0,0,45,0,0,27,0,0
"Micromonosporaceae",10,0,0,0,0,0,0,0,0,0,0,33,0,0,40,66,0,47,39,0,0,0,0,0,0,13,0,57,0,0,0,0,0,11,0,19,0,0,0,92,0,24,0,14,0,14,0,0,0,13,0,18,32,0,0,0,0,0,0,0,123,0,0,0,0,0,0,0,21,12,0,68,95
"Micropepsaceae",0,0,0,0,0,0,0,0,0,0,0,0,0,17,0,0,0,0,0,0,0,0,0,0,0,0,0,82,0,0,0,0,0,0,0,0,0,0,0,55,0,0,0,0,0,0,0,0,0,0,0,0,5,0,0,0,0,0,0,0,0,0,0,0,0,0,0,0,0,0,0,0,0
"Microscillaceae",0,51,151,84,0,0,0,0,0,164,70,0,0,0,0,0,0,0,114,0,31,0,66,78,35,0,58,25,0,0,80,0,0,0,162,54,0,0,198,0,60,0,37,17,15,0,172,40,0,0,32,0,0,0,0,0,0,0,0,21,0,0,0,0,34,0,0,0,0,0,15,0,0
"Microtrichaceae",0,0,0,0,0,0,0,0,0,0,0,0,0,6,42,0,0,0,15,0,0,0,0,0,0,0,0,0,0,0,0,0,0,0,0,0,0,0,0,0,0,0,0,0,0,0,0,0,0,0,0,0,28,0,0,0,0,0,0,0,21,0,0,0,0,0,0,0,0,0,0,0,18
"Monoglobaceae",0,0,0,0,0,0,0,0,0,0,0,0,0,0,0,0,0,0,0,0,0,0,0,0,0,0,0,0,0,0,0,0,0,0,0,0,0,0,0,0,0,0,0,0,0,0,0,0,0,0,0,0,0,0,0,0,0,0,0,0,0,0,0,0,0,0,0,0,0,0,15,0,0
"Moraxellaceae",127,81,79,32,62,67,28,0,10,0,38,0,0,0,31,49,0,0,0,59,35,0,0,0,0,0,0,0,0,0,0,52,0,0,0,54,19,0,93,93,30,64,0,0,0,0,0,0,16,0,0,0,0,10,0,31,0,14,100,0,0,0,0,0,0,0,71,52,0,0,0,0,152
"Morganellaceae",0,0,0,0,0,0,0,0,0,0,0,0,0,0,0,0,0,0,0,0,0,0,0,0,0,0,0,0,0,0,0,0,0,0,0,0,0,0,0,0,0,0,0,48,0,0,0,0,0,0,0,0,0,0,0,0,0,0,0,0,0,0,0,0,0,0,0,0,0,0,0,0,0
"MWH-UniP1_aquatic_group",0,0,0,0,0,0,0,0,0,0,0,0,0,0,0,0,0,0,0,0,0,0,0,0,0,0,0,0,0,0,0,0,0,0,0,0,0,0,0,18,0,0,0,0,0,0,0,0,0,0,0,0,0,0,0,0,0,0,0,0,0,0,0,0,0,0,0,0,0,0,0,0,0
"Mycobacteriaceae",0,0,72,0,28,0,16,73,0,0,0,80,0,111,0,88,205,0,0,62,0,23,0,0,0,74,14,111,82,80,0,18,42,0,0,37,29,75,0,18,0,42,0,29,21,0,0,0,0,0,81,105,145,38,0,27,0,0,51,34,36,0,0,0,0,24,0,0,44,13,0,0,13
"Myxococcaceae",0,0,0,8,0,0,0,0,0,0,0,0,0,0,0,0,0,0,0,0,0,0,0,0,0,0,0,0,17,0,0,0,8,0,0,63,22,0,0,0,0,0,0,0,0,0,21,0,0,0,0,0,0,0,0,0,0,0,0,0,27,0,0,0,0,0,0,0,39,0,0,0,13
"Nakamurellaceae",50,43,75,0,0,0,0,72,5,0,95,0,0,25,0,0,0,0,0,0,39,0,0,0,0,13,0,0,18,44,79,71,39,86,0,73,38,0,27,44,0,99,14,47,112,15,0,0,44,0,102,91,212,0,46,0,0,0,69,0,0,0,0,30,0,0,0,65,39,0,26,0,61
"Neisseriaceae",0,0,28,0,0,0,0,0,0,0,0,0,0,0,0,0,0,0,0,0,0,0,0,0,0,0,0,0,0,0,0,0,0,3,0,0,0,0,40,0,0,0,0,0,0,0,0,0,49,0,0,0,0,0,0,0,0,0,0,0,0,0,0,0,0,0,0,0,0,0,0,0,0
"Nitrosococcaceae",0,0,0,0,0,0,0,0,0,0,0,0,0,0,0,0,0,0,0,0,0,0,0,0,0,0,0,0,0,10,0,0,0,0,0,0,0,0,0,0,0,0,0,0,0,0,0,0,0,0,0,0,0,0,19,0,0,0,0,0,0,0,0,0,0,0,0,0,0,0,0,0,0
"Nitrosomonadaceae",6,0,0,0,0,0,0,0,0,104,0,14,0,2,0,0,0,0,105,0,0,0,0,0,2,0,0,42,0,0,0,0,0,0,0,23,0,0,0,0,0,0,0,0,0,0,0,15,0,0,0,15,0,0,0,0,0,0,0,0,0,0,0,0,0,0,0,0,0,0,0,0,3
"Nitrososphaeraceae",0,0,0,0,0,0,0,0,0,0,0,0,0,0,21,0,0,0,0,0,0,0,0,0,0,40,0,0,0,0,0,0,0,0,0,0,0,0,0,0,0,0,0,0,7,0,32,0,0,0,0,0,0,0,0,0,0,0,0,0,0,0,0,0,0,18,0,0,0,0,0,0,15
"Nitrospiraceae",0,0,0,0,0,0,0,0,0,0,0,0,0,0,0,0,0,0,0,0,0,0,0,0,0,0,0,0,0,0,0,0,0,0,0,0,0,0,0,0,0,0,0,0,0,0,0,0,0,0,0,0,8,0,0,0,0,0,0,0,0,0,0,0,0,0,0,0,0,0,0,0,0
"Nocardiaceae",0,0,0,0,34,17,0,0,15,31,31,123,0,127,0,143,132,44,0,43,47,0,0,0,0,24,0,124,26,68,0,80,0,93,29,47,0,55,16,34,0,184,0,32,0,23,42,0,0,28,0,130,118,7,0,40,0,41,0,18,208,0,20,20,0,27,0,0,13,0,60,26,119
"Nocardioidaceae",117,94,62,83,0,0,217,0,54,31,71,69,0,206,179,0,352,0,15,32,11,0,34,55,0,60,41,174,163,184,0,227,89,0,28,179,0,146,0,53,22,104,8,46,93,20,17,0,37,137,172,40,499,12,0,71,0,0,91,119,0,0,26,36,0,0,0,0,14,5,41,0,0
"Nostocaceae",0,0,14,4,0,0,20,0,0,0,0,52,9,0,0,8,37,10,46,17,32,0,0,24,43,0,26,21,4,0,0,25,8,0,0,38,0,6,18,0,0,0,0,11,7,0,0,0,0,0,0,8,0,0,0,0,0,0,0,0,0,0,0,0,18,0,17,0,0,0,0,0,0
"NS11-12_marine_group",0,39,102,57,0,17,0,0,10,136,114,31,0,0,124,0,55,0,0,0,0,0,29,146,0,0,26,0,16,0,0,0,12,0,118,65,17,0,76,0,53,0,0,0,0,0,49,32,0,0,0,0,0,0,0,0,0,0,0,30,0,0,0,0,0,0,0,0,0,0,13,0,0
"NS9_marine_group",0,7,0,0,0,0,46,11,3,66,30,52,0,0,24,0,18,0,24,0,0,0,0,0,0,9,13,0,0,0,0,0,78,0,42,0,24,0,15,0,18,0,0,0,5,0,10,0,0,0,11,36,0,0,0,0,0,0,0,0,0,0,0,0,0,0,0,0,0,0,17,0,0
"Obscuribacteraceae",0,0,40,0,0,0,0,0,0,0,19,10,0,0,0,53,0,0,0,0,0,0,0,0,0,0,0,24,0,0,0,0,0,0,0,0,0,0,0,0,0,0,0,0,0,0,0,0,26,0,0,0,0,0,0,0,49,0,0,0,0,0,8,0,0,0,0,10,0,0,0,0,0
"Omnitrophaceae",0,0,0,0,0,0,0,0,0,0,0,0,0,0,0,0,0,0,0,0,0,0,0,0,0,10,0,0,0,0,0,0,0,0,0,0,0,0,0,0,0,0,0,0,0,0,0,0,0,0,0,0,0,0,0,0,0,0,0,0,0,0,0,0,0,0,0,0,0,0,0,0,0
"Opitutaceae",0,0,0,0,0,28,23,0,0,44,0,12,0,0,36,0,0,9,44,39,0,0,63,0,0,0,0,0,16,0,0,0,0,0,0,0,0,0,0,0,0,7,0,0,0,0,43,0,35,0,0,0,0,0,0,0,0,0,0,0,0,0,0,0,0,0,0,0,0,0,0,0,5
"Oscillatoriaceae",0,0,0,0,0,0,0,0,0,0,0,0,0,0,0,27,0,0,0,0,0,0,0,0,0,0,0,0,0,0,0,0,0,0,0,0,0,0,0,0,0,0,0,0,0,0,0,0,0,0,0,0,0,0,0,0,0,0,0,0,0,0,0,0,0,0,0,0,0,0,0,0,0
"Oscillospiraceae",0,0,0,0,0,0,0,0,2,0,0,0,0,0,0,0,29,0,0,0,0,0,0,0,0,0,0,0,0,0,0,24,0,0,0,0,0,0,0,0,0,0,0,0,0,0,0,0,0,0,0,0,0,0,0,65,0,0,0,0,0,0,0,0,0,0,0,0,0,0,0,0,0
"Oxalobacteraceae",344,69,29,71,271,0,62,62,0,0,0,91,0,307,0,34,141,842,10,86,128,87,0,108,50,41,0,86,12,44,2,69,29,0,0,176,0,20,68,43,0,613,12,4,39,74,34,0,0,60,57,165,83,102,0,0,0,10,0,0,0,0,0,20,0,251,0,0,17,104,0,9,280
"Oxobacteraceae",0,0,0,0,0,0,0,0,0,0,0,0,0,0,0,0,0,0,0,0,0,0,0,0,0,0,0,0,0,0,0,0,0,0,0,0,0,0,0,0,0,0,0,0,0,0,0,0,0,0,0,0,0,0,0,0,0,0,0,48,0,0,0,0,0,0,0,0,0,0,0,0,0
"Paenibacillaceae",54,53,0,15,23,37,23,11,0,0,445,63,0,27,10,14,0,48,42,90,0,0,38,138,0,87,0,0,84,0,0,24,0,17,0,56,38,44,50,18,0,37,0,7,23,23,0,0,147,0,26,12,86,0,0,148,43,48,0,18,0,0,11,0,37,0,0,13,0,2,0,0,5
"Paludibacteraceae",0,0,0,0,0,0,0,0,0,0,0,0,0,0,0,0,0,0,0,0,0,0,0,0,0,0,0,0,0,0,0,0,0,0,0,0,0,0,0,0,0,0,0,0,0,0,14,0,0,0,0,0,0,0,0,0,0,0,0,0,0,0,0,0,0,0,0,0,0,0,0,0,0
"Parachlamydiaceae",0,0,0,0,0,0,26,11,0,0,0,0,0,0,0,0,0,0,0,0,0,0,0,0,0,0,41,46,16,0,0,15,0,0,0,0,0,0,0,0,0,0,0,0,0,0,0,0,0,6,0,0,92,0,0,0,0,0,0,0,0,0,0,0,0,0,0,0,0,0,0,0,0
"Parvibaculaceae",0,0,0,0,0,0,0,0,0,0,0,0,0,0,0,0,0,0,0,0,0,0,0,0,0,0,0,45,0,0,0,0,49,0,0,0,0,0,0,0,0,0,0,0,0,0,0,0,0,0,0,0,0,0,0,0,0,0,0,0,0,0,0,0,0,0,0,0,0,0,0,0,0
"Pasteurellaceae",0,0,0,0,0,0,0,0,0,0,0,0,0,0,0,0,0,0,0,0,0,0,0,0,0,0,0,0,0,0,0,0,0,0,0,0,0,0,0,0,0,0,0,0,0,0,0,36,16,0,0,0,0,0,10,0,0,0,0,0,0,0,0,0,0,0,0,0,0,0,0,0,0
"Pectobacteriaceae",0,0,0,0,0,43,0,0,0,0,0,0,0,0,0,0,0,0,0,54,0,0,0,0,0,0,0,0,0,0,0,0,0,0,0,0,0,0,0,0,0,0,0,0,0,0,0,0,0,0,0,0,0,0,0,0,0,0,0,0,0,0,0,0,0,0,0,0,0,0,0,0,0
"Pedosphaeraceae",0,15,0,12,0,16,82,0,0,0,29,70,0,0,67,31,10,0,39,30,0,5,0,0,0,24,0,45,10,0,0,0,0,6,0,23,44,0,0,0,0,0,0,0,18,0,29,0,0,0,7,4,11,0,3,0,0,0,0,0,0,0,0,0,0,0,0,0,0,0,0,0,0
"Peptostreptococcaceae",0,27,26,0,0,0,36,8,0,0,0,0,0,0,0,0,0,5,0,0,0,0,0,0,0,13,25,19,49,0,0,23,60,0,0,0,39,0,0,35,0,0,11,11,40,0,0,0,54,0,0,47,0,0,0,0,0,0,0,0,0,0,0,29,0,0,0,0,40,0,0,0,100
"Phaselicystidaceae",3,0,0,18,0,0,0,0,0,0,0,0,0,0,0,0,0,0,7,0,0,0,0,0,0,0,0,0,0,0,0,0,0,0,0,0,0,0,0,0,0,0,0,0,0,0,0,0,0,0,0,0,0,0,0,0,0,0,0,0,0,0,0,0,0,0,0,0,0,0,0,0,0
"Phormidiaceae",0,0,0,0,0,0,0,0,0,0,0,0,0,0,0,0,0,0,0,0,0,0,0,0,0,3,0,0,0,0,0,0,0,0,0,0,0,0,0,0,0,0,0,0,0,0,0,0,0,0,0,0,0,0,0,0,0,0,0,0,0,0,0,0,0,0,0,0,0,0,0,0,0
"Phycisphaeraceae",0,0,0,0,0,0,46,0,0,0,0,0,0,0,60,78,0,0,49,0,39,0,0,0,0,0,0,0,22,0,0,0,0,0,0,49,57,0,0,0,0,0,12,0,0,0,0,0,0,0,0,0,0,0,0,0,0,0,0,0,0,0,0,0,0,0,0,0,0,0,0,0,0
"Pirellulaceae",0,0,0,49,0,46,123,0,0,0,0,44,15,0,0,0,34,0,351,0,0,0,0,26,51,10,0,0,0,0,32,78,4,12,49,53,0,0,41,0,0,0,0,0,18,0,33,37,0,0,0,0,89,0,0,0,0,0,0,0,42,0,0,0,0,0,0,0,0,0,0,0,21
"Planococcaceae",8,16,0,0,9,0,35,0,0,0,0,2,0,0,0,0,23,0,0,0,0,0,0,0,0,0,0,0,0,0,19,0,0,0,0,70,89,0,0,0,0,0,0,18,0,0,0,0,0,0,0,14,1,0,0,0,0,0,0,0,0,0,0,0,0,0,0,0,0,0,0,0,0
"Pleomorphomonadaceae",0,0,0,0,0,0,11,0,0,0,0,0,0,0,0,0,0,0,0,0,0,0,0,0,0,0,0,0,0,0,0,0,0,0,0,0,0,0,0,0,0,0,0,0,0,0,0,0,0,0,0,0,0,0,0,0,0,0,0,0,0,0,0,0,0,0,0,0,0,0,0,0,0
"Polyangiaceae",0,0,0,0,0,0,0,0,0,0,0,0,0,0,0,0,0,0,0,0,0,0,0,0,0,16,0,36,0,0,0,0,0,0,0,57,0,0,0,0,0,0,0,0,0,0,0,0,0,0,0,0,0,0,0,0,0,0,0,0,75,0,0,0,0,0,0,0,0,0,0,0,0
"Porphyromonadaceae",0,0,0,0,0,0,0,0,0,0,0,0,0,0,0,0,0,0,0,0,0,0,0,0,0,0,0,0,0,0,0,0,0,0,0,0,0,0,0,0,14,0,0,0,0,0,0,0,0,0,0,0,0,0,0,0,0,0,0,0,0,0,0,0,0,0,0,0,0,0,0,0,0
"Prevotellaceae",0,0,0,0,0,0,0,0,0,0,0,0,0,0,0,0,0,0,0,0,0,0,0,0,0,0,0,0,0,0,0,0,0,0,0,0,0,0,0,0,0,0,0,0,0,0,0,0,57,0,0,0,0,0,31,0,0,0,0,0,0,0,0,0,0,0,0,0,0,0,0,0,0
"Promicromonosporaceae",0,0,0,0,0,0,0,0,0,0,0,0,0,0,0,0,0,0,38,0,0,0,0,0,0,0,0,70,0,0,0,0,0,0,0,0,0,0,0,0,0,0,0,0,0,0,0,0,0,0,0,0,0,0,0,0,0,0,0,0,0,0,0,0,0,0,0,0,0,0,0,0,0
"Propionibacteriaceae",0,0,0,0,0,19,0,0,2,0,0,21,0,0,0,15,0,0,0,0,0,0,7,14,0,33,0,0,0,47,22,0,0,0,0,10,0,0,0,16,0,0,0,0,0,7,0,0,0,0,0,0,0,0,25,0,60,0,0,0,0,0,0,0,0,0,0,0,0,0,0,0,0
"Pseudanabaenaceae",0,0,0,0,0,0,0,0,0,0,40,0,0,0,0,0,0,0,0,0,0,0,0,0,0,0,0,0,0,0,0,0,0,0,0,0,0,0,0,0,0,0,0,5,0,0,0,0,0,0,0,0,0,0,0,0,0,0,0,0,0,0,0,0,0,0,0,0,0,0,0,0,0
"Pseudohongiellaceae",0,0,12,0,0,0,0,0,0,0,0,0,0,0,0,0,0,0,0,0,0,0,0,0,0,0,0,0,0,0,0,0,0,0,0,0,0,0,0,0,0,0,0,0,0,0,0,0,0,0,0,0,0,0,0,0,0,0,0,0,0,0,0,0,0,0,0,0,0,0,0,0,0
"Pseudomonadaceae",1496,302,32,205,1991,487,257,2334,57,17,22,0,325,1124,110,26,92,333,0,27,33,3908,160,63,79,74,35,0,30,129,72,370,59,2681,27,0,20,619,82,0,52,486,44,89,437,89,75,0,0,693,120,33,69,86,41,0,0,0,68,0,0,0,0,13,0,59,0,23,83,115,55,27,2107
"Pseudonocardiaceae",0,0,77,0,0,0,45,22,0,0,0,74,0,76,53,120,138,0,0,0,0,0,59,0,0,42,0,77,29,11,0,0,34,58,0,167,0,69,0,84,0,53,0,18,0,78,14,0,0,65,52,22,102,0,0,0,0,0,50,0,56,0,0,0,0,92,30,43,24,9,214,0,10
"Puniceicoccaceae",0,0,0,0,0,0,0,0,0,0,0,0,0,0,0,0,0,0,0,0,0,0,0,0,0,0,0,26,0,0,0,0,0,0,0,0,0,0,0,0,0,0,0,0,0,0,0,0,0,0,0,0,0,0,0,0,0,0,0,0,0,0,0,0,0,0,0,0,0,0,0,0,0
"Pyrinomonadaceae",0,0,0,0,0,0,0,0,0,0,0,0,0,0,0,0,0,0,15,0,0,0,0,0,0,0,0,0,0,0,0,0,0,0,0,0,0,0,0,0,0,0,0,9,0,0,0,0,0,0,0,0,0,0,0,0,0,0,0,0,0,0,0,0,0,0,0,0,0,0,0,0,0
"Rhizobiaceae",645,0,72,13,564,304,141,11,13,0,12,66,0,176,113,35,55,32,35,0,63,806,15,32,0,254,80,112,14,94,53,37,63,145,0,121,0,322,39,51,0,217,0,27,19,25,7,0,45,15,46,18,14,21,93,23,0,30,7,0,66,0,0,0,0,0,0,0,0,64,16,0,36
"Rhizobiales_Incertae_Sedis",0,0,23,0,0,0,0,8,6,0,0,26,0,0,0,0,6,0,0,0,0,0,0,0,0,0,0,0,0,0,25,0,0,0,0,40,0,0,0,0,47,0,0,0,0,0,22,0,0,0,0,0,9,0,0,0,0,0,0,0,0,0,0,0,0,0,0,0,0,0,11,0,0
"Rhodanobacteraceae",45,8,0,0,18,45,19,8,0,20,0,0,0,233,101,35,28,10,0,33,12,0,25,0,0,24,79,227,74,340,0,4,8,24,0,0,0,122,40,10,13,78,37,105,0,43,0,0,0,41,20,8,132,0,0,0,0,0,0,14,20,0,0,0,0,29,0,0,0,0,5,0,0
"Rhodobacteraceae",0,8,0,0,0,0,0,27,0,21,12,47,0,0,16,23,0,0,0,27,13,0,0,0,0,0,0,0,43,0,30,0,0,0,0,71,13,0,13,45,0,29,11,9,12,0,22,12,0,0,48,13,139,0,0,0,32,0,0,0,0,0,0,41,0,0,0,10,14,8,0,6,0
"Rhodocyclaceae",0,0,0,0,0,0,54,0,0,0,20,0,0,0,65,0,21,0,10,0,0,0,0,0,0,0,0,0,0,0,0,29,0,0,0,44,0,0,0,0,28,56,0,12,0,0,7,0,0,0,0,0,0,0,0,0,77,0,0,0,0,0,0,0,0,0,0,0,0,0,0,0,0
"Rhodothermaceae",0,0,0,0,0,0,0,0,0,0,0,0,0,0,0,0,0,0,0,0,0,0,0,0,0,0,0,36,0,0,0,0,0,0,0,0,0,0,0,0,0,0,0,0,0,0,0,0,0,0,0,12,0,0,0,0,0,0,0,0,0,0,0,0,0,0,0,0,0,0,0,0,0
"Rickettsiaceae",0,0,0,0,0,0,0,0,0,0,0,0,0,0,0,0,0,0,0,0,0,0,0,0,20,0,0,0,0,0,0,0,0,0,0,0,0,0,0,0,0,0,0,0,0,0,0,0,0,0,0,0,0,0,0,0,0,0,0,0,0,0,0,0,0,0,0,0,0,0,0,0,0
"Rikenellaceae",0,0,0,0,0,0,0,0,0,0,0,0,0,0,0,0,0,0,0,0,0,0,0,0,0,0,0,0,0,0,0,0,0,0,0,0,0,0,0,0,0,0,0,0,0,0,0,0,0,0,0,0,0,0,40,0,0,0,0,0,0,0,0,0,0,0,0,0,0,0,0,0,0
"Roseiflexaceae",0,0,0,0,0,0,0,0,0,0,0,0,0,0,0,0,0,0,0,0,41,0,31,0,0,11,0,0,0,0,0,0,0,0,0,0,0,0,50,0,43,0,0,0,0,0,0,0,0,0,0,0,6,0,0,0,0,0,0,0,0,0,0,0,0,0,0,0,0,0,0,0,0
"Rubinisphaeraceae",0,0,0,0,0,0,0,0,0,0,0,0,0,0,0,0,0,0,24,0,0,0,0,0,0,0,0,0,0,0,0,0,0,0,0,0,0,0,0,0,0,0,0,0,0,0,0,0,0,0,0,0,0,0,0,0,0,0,0,0,0,0,0,0,0,0,0,0,0,0,0,0,0
"Rubritaleaceae",0,0,0,0,0,0,0,0,2,42,0,0,0,0,0,0,0,0,0,0,30,0,70,39,0,0,0,0,0,0,27,0,0,0,0,0,14,0,0,0,0,3,0,0,0,15,0,0,0,0,0,0,0,0,0,0,0,0,0,0,0,0,0,0,0,0,0,0,0,0,0,0,15
"Rubrobacteriaceae",0,0,0,0,0,24,0,0,0,0,0,0,0,4,0,0,0,0,0,0,0,0,0,0,0,0,0,0,0,0,0,0,15,0,0,0,0,0,0,0,0,0,0,7,0,0,0,0,0,0,0,0,0,0,0,0,0,0,0,0,0,0,0,0,0,0,0,0,0,0,0,0,0
"Ruminococcaceae",0,0,0,0,0,0,0,0,0,0,0,42,0,0,0,0,0,0,0,0,0,0,0,0,0,0,0,0,0,0,0,19,0,0,0,0,29,0,0,102,0,0,0,0,0,0,0,0,0,0,0,0,0,0,0,0,0,0,0,0,0,0,0,0,0,0,0,0,0,0,29,0,7
"Saccharimonadaceae",61,52,32,0,0,0,0,0,0,0,0,0,0,22,0,0,0,0,0,0,50,0,0,0,0,9,0,0,48,0,0,57,0,0,0,0,0,9,0,18,36,0,0,0,0,0,18,0,0,0,0,18,12,0,0,0,0,0,0,0,16,0,0,0,0,0,0,0,0,0,0,0,0
"Sandaracinaceae",0,0,0,0,0,0,0,0,0,0,0,0,0,0,0,0,0,0,0,0,0,0,0,0,0,0,0,0,0,0,15,0,0,0,0,74,0,0,0,36,0,0,0,0,0,0,19,0,0,0,0,0,0,0,0,0,0,0,0,0,0,0,0,0,0,0,0,0,0,0,0,0,0
"Sanguibacteraceae",0,0,0,0,29,0,0,0,0,0,0,0,0,0,0,0,0,0,0,0,0,0,0,0,0,0,0,0,0,43,0,0,0,0,0,0,0,0,0,0,0,0,0,0,0,0,0,0,0,0,0,0,0,0,0,0,0,0,0,0,0,0,0,0,0,0,0,0,0,0,0,0,0
"Saprospiraceae",0,0,23,0,0,15,44,0,0,46,38,28,0,0,74,40,0,0,0,0,0,0,0,0,0,0,0,0,24,0,45,37,0,0,18,51,19,0,0,25,0,0,18,0,14,0,15,0,0,0,0,0,0,0,0,0,0,0,0,23,0,0,0,0,0,0,0,0,0,0,0,6,0
"SC-I-84",0,0,0,0,0,0,0,0,0,0,0,0,0,0,0,0,0,0,25,0,0,0,0,0,0,0,0,0,0,0,0,0,0,0,0,0,0,0,0,0,0,0,0,0,0,0,0,0,0,0,0,8,3,0,0,0,0,0,0,0,0,0,0,0,0,0,0,0,0,0,0,0,0
"SCGC_AAA011-D5",0,0,0,0,0,0,0,0,0,0,0,0,0,0,0,0,0,0,0,0,0,0,0,0,78,0,0,0,0,0,0,0,0,0,0,0,0,0,0,0,0,0,0,0,0,0,0,0,0,0,0,0,0,0,0,0,0,0,0,0,0,0,0,0,0,0,0,0,0,0,0,0,0
"Schlesneriaceae",0,0,0,0,0,0,0,0,0,0,0,0,0,0,0,0,0,0,0,0,0,0,0,0,0,0,0,0,19,0,0,0,0,0,0,0,0,0,0,0,0,0,0,0,0,0,0,0,0,0,0,0,0,0,0,0,0,0,0,0,0,0,0,0,0,0,0,0,0,0,0,0,0
"Silvanigrellaceae",0,0,0,10,0,0,0,0,0,0,0,0,0,0,29,0,15,0,0,0,0,0,0,0,0,10,0,0,0,0,0,0,0,0,0,0,0,0,0,0,0,0,0,0,0,0,0,0,46,0,0,0,0,0,0,0,0,0,0,0,0,0,0,0,0,0,0,0,0,0,0,0,0
"Simkaniaceae",0,9,0,0,0,0,0,0,0,0,0,0,0,0,0,0,0,0,0,0,0,0,0,0,0,0,0,0,10,27,0,0,0,0,0,0,0,0,0,0,0,0,0,0,0,0,0,0,0,0,0,0,0,0,0,0,0,0,0,0,0,0,0,0,0,0,0,0,0,0,0,0,0
"Sneathiellaceae",0,0,0,0,0,0,0,0,0,0,0,0,0,0,0,0,0,0,59,0,0,0,0,0,0,0,0,0,0,0,0,0,0,0,0,0,0,0,0,0,0,0,0,0,0,0,0,0,0,0,0,0,0,0,0,0,0,0,0,0,0,0,0,0,0,0,0,0,0,0,0,0,0
"Solibacteraceae",0,0,0,0,0,0,0,0,0,37,0,0,0,0,0,0,59,0,0,0,0,0,0,0,0,0,0,0,0,0,0,0,30,0,0,0,0,0,0,0,0,0,0,0,0,0,0,0,0,0,0,0,0,0,0,0,0,0,0,0,0,0,0,0,0,0,0,0,0,0,8,0,0
"Solimonadaceae",0,19,0,0,0,8,0,0,0,0,0,0,0,0,0,0,0,0,0,0,0,0,0,0,0,0,0,14,0,0,0,0,0,0,0,0,0,0,0,0,0,0,0,0,12,0,0,0,0,4,0,0,0,0,0,0,0,0,0,28,0,0,0,0,0,0,0,0,0,0,0,0,0
"Solirubrobacteraceae",0,0,0,0,0,0,0,12,10,0,0,12,0,32,13,0,33,0,94,0,0,0,0,0,0,5,0,37,24,0,0,0,0,0,0,98,0,7,0,11,0,6,0,11,0,5,0,0,0,4,16,0,0,0,0,0,0,0,0,14,7,0,0,0,0,27,0,0,9,0,11,0,0
"Sphingobacteriaceae",264,37,0,56,292,0,91,0,4,0,0,84,0,210,0,0,23,28,0,0,0,0,0,0,0,0,21,41,19,0,0,54,0,64,0,64,0,66,0,132,40,148,0,72,0,0,0,0,31,0,16,15,76,14,72,21,0,0,0,0,0,0,0,0,0,0,0,0,27,0,0,0,0
"Sphingomonadaceae",555,121,205,156,138,189,143,59,54,93,28,181,0,549,145,62,131,131,137,63,29,115,41,39,11,122,93,100,62,368,36,242,159,289,105,380,48,137,0,110,23,433,10,65,0,295,40,0,18,369,66,153,142,153,75,86,0,56,91,31,118,0,0,0,17,159,50,16,501,119,0,50,798
"Spirosomaceae",482,12,160,0,87,69,0,23,0,86,7,142,0,79,0,0,0,0,0,11,19,0,0,47,0,34,0,0,17,0,55,80,43,61,49,21,0,0,0,73,21,184,0,0,14,0,43,0,0,0,0,13,73,9,0,0,0,0,0,0,0,0,0,0,33,0,0,0,0,0,0,8,0
"Sporichthyaceae",0,0,138,0,0,117,123,0,0,276,179,86,0,0,0,62,79,0,0,69,80,0,0,0,69,0,122,0,86,0,53,57,0,0,123,91,63,0,88,48,30,0,0,59,0,0,94,66,0,0,0,0,0,0,44,0,90,0,0,41,0,0,0,53,29,0,0,47,0,0,0,40,0
"Sporolactobacillaceae",0,0,0,0,0,0,0,15,0,0,92,34,0,0,0,0,44,0,0,0,0,0,0,0,0,0,0,0,60,0,0,0,0,0,0,0,0,8,0,39,0,0,0,0,0,0,0,0,0,10,32,0,73,0,0,0,0,28,0,21,0,0,6,28,0,0,0,0,0,0,0,0,9
"Sporomusaceae",0,0,0,0,0,0,0,0,0,0,0,0,0,0,0,0,0,0,0,0,0,0,0,0,0,0,0,49,0,0,0,0,0,0,0,0,0,0,0,0,0,0,0,0,0,0,0,0,0,0,0,0,0,0,0,0,0,0,0,0,0,0,0,0,0,0,0,0,0,0,0,14,0
"ST-12K33",0,0,0,0,0,0,0,9,0,0,0,0,0,0,0,0,0,0,0,0,0,0,0,0,0,0,0,0,0,0,0,0,0,0,60,0,0,0,0,0,0,0,0,0,0,0,0,0,0,0,0,0,0,0,0,0,0,0,0,0,0,0,0,0,0,0,0,0,0,0,0,0,0
"Staphylococcaceae",0,0,74,18,0,0,86,70,0,0,0,130,905,0,0,43,40,25,0,39,0,0,0,37,0,51,33,0,37,24,0,34,46,0,0,0,0,18,0,33,0,56,0,0,28,41,43,0,32,0,32,0,0,33,0,0,50,13,6,0,0,0,0,0,0,0,0,0,0,0,0,68,0
"Steroidobacteraceae",0,0,0,0,0,0,0,0,0,0,0,0,0,0,24,0,0,0,52,0,0,0,0,0,0,0,0,0,0,0,0,0,0,0,0,0,0,0,0,0,0,0,0,0,0,0,11,0,0,0,0,0,0,0,0,0,0,0,0,0,0,0,0,0,0,0,0,0,0,0,0,0,0
"Streptococcaceae",0,0,95,0,0,0,43,0,18,0,34,0,0,0,0,0,0,0,0,0,0,0,43,0,57,115,0,0,0,0,0,0,20,0,0,0,43,0,0,0,0,0,30,0,0,0,0,20,0,0,38,0,0,0,43,81,0,0,0,0,0,0,0,0,0,0,0,33,18,83,23,0,0
"Streptomycetaceae",4,25,87,0,35,0,102,0,137,0,48,72,0,445,0,15,456,0,74,0,26,43,58,40,0,240,68,162,28,149,31,144,0,330,0,88,0,117,47,34,0,141,0,50,38,105,25,47,26,96,140,272,569,68,50,62,0,49,0,62,0,0,0,0,0,80,0,0,72,43,0,19,39
"Streptosporangiaceae",0,0,0,26,0,0,0,0,0,0,0,59,0,14,0,0,31,0,0,0,0,0,0,35,0,0,0,29,0,5,0,0,0,0,0,0,0,0,0,28,0,0,0,0,0,0,0,0,0,5,64,8,0,0,0,45,0,0,0,0,0,0,0,0,0,0,0,0,0,0,19,0,24
"Sulfuricellaceae",0,0,0,0,0,0,0,0,0,0,0,0,0,0,0,25,0,0,0,0,0,0,0,0,0,0,0,0,0,0,0,0,0,0,0,0,0,0,0,0,0,0,0,0,0,0,0,0,0,0,0,0,0,0,0,0,0,0,0,0,0,0,0,0,0,0,0,0,0,0,0,0,0
"Sutterellaceae",0,0,0,0,0,0,0,0,0,0,0,0,0,0,0,0,0,0,0,0,0,0,0,0,65,0,0,0,0,0,0,0,0,0,0,0,0,0,0,0,0,0,0,0,0,0,0,0,0,0,0,0,0,0,0,0,0,0,0,0,0,0,0,0,0,0,0,0,0,0,0,0,0
"Symbiobacteraceae",0,0,0,0,0,0,0,0,0,0,48,0,0,0,0,0,0,0,8,0,0,0,0,0,0,0,0,0,0,0,0,0,0,0,0,0,32,0,0,0,0,0,0,0,0,8,0,0,0,0,0,0,0,0,0,0,0,0,0,0,0,0,0,0,0,0,0,0,0,0,0,0,0
"Synergistaceae",0,0,0,0,0,0,0,0,0,0,0,0,0,0,0,0,0,0,0,0,0,0,0,0,0,0,0,0,0,0,0,0,0,0,0,0,0,0,0,0,0,0,0,12,0,0,0,0,0,0,0,0,0,0,0,0,0,0,0,0,0,0,0,0,0,0,0,0,0,0,0,0,0
"Syntrophobotulaceae",0,0,0,0,0,0,0,0,0,0,0,0,0,0,0,0,0,0,33,0,0,0,0,0,0,0,0,0,0,0,0,0,0,0,0,0,0,0,0,0,0,0,0,0,0,0,0,0,0,0,0,0,0,0,0,0,0,0,0,0,0,0,0,0,0,0,0,0,0,0,0,0,0
"Tepidisphaeraceae",0,0,0,0,0,0,0,0,0,0,0,0,0,0,0,0,0,0,0,0,0,0,0,0,0,0,0,0,0,0,0,0,0,27,0,0,0,8,0,0,0,0,0,0,0,0,0,0,0,0,0,0,0,0,0,0,0,0,0,0,0,0,0,0,0,0,0,0,0,0,0,0,0
"Terrimicrobiaceae",0,0,0,0,0,23,0,0,0,143,0,77,0,0,67,91,77,0,0,0,73,0,0,21,0,0,0,24,0,0,52,0,0,0,76,28,0,0,0,0,0,0,0,0,0,0,20,13,0,0,0,0,0,0,0,0,0,0,0,0,22,0,0,0,0,0,0,0,0,0,0,0,0
"Thermacetogeniaceae",0,0,0,0,0,0,0,19,0,0,0,0,0,0,0,0,12,0,0,0,0,0,0,0,0,0,0,0,0,0,0,0,0,0,0,0,0,0,0,0,0,0,0,0,0,0,0,0,0,0,0,0,0,0,0,0,0,0,0,0,0,0,0,0,0,0,0,0,0,0,0,0,0
"Thermicanaceae",0,0,0,0,0,0,0,0,0,0,0,0,0,0,0,0,0,0,0,0,0,0,0,0,0,0,0,0,0,0,0,0,0,0,0,0,0,0,0,0,0,0,0,0,0,0,0,0,0,0,0,0,0,0,0,0,0,0,0,0,19,0,0,0,0,0,0,0,0,0,0,0,0
"Thermincolaceae",0,0,0,0,0,0,0,0,0,0,0,0,0,0,0,0,0,0,0,0,0,0,0,0,0,0,0,0,0,0,0,0,0,0,0,0,0,0,0,0,0,4,0,0,0,0,0,0,0,0,0,0,0,0,0,0,0,0,0,0,0,0,0,0,0,0,0,0,0,0,0,0,0
"Thermoactinomycetaceae",0,0,0,0,0,0,26,0,0,0,0,22,0,0,0,0,0,4,0,7,0,0,0,26,0,0,0,0,0,0,0,0,0,0,0,0,0,0,0,15,0,0,0,0,0,0,12,0,0,0,0,0,0,0,0,0,0,0,0,0,0,0,0,0,0,0,0,0,0,0,0,0,11
"Thermoanaerobaculaceae",0,0,0,0,0,0,0,0,0,0,0,0,0,0,0,0,0,0,0,0,0,0,0,0,0,0,0,0,0,0,0,0,0,0,0,0,0,0,0,0,0,0,0,0,4,0,0,0,0,0,0,0,0,0,0,44,0,0,0,0,0,0,0,0,0,0,0,0,0,0,0,0,0
"Thermomicrobiaceae",0,0,0,0,0,0,0,0,0,0,0,0,0,0,0,39,0,0,0,0,0,0,0,0,0,0,48,0,0,0,0,0,0,0,0,0,0,15,0,0,0,0,0,0,0,0,0,0,0,0,0,0,14,0,0,0,0,0,0,12,0,0,0,0,0,0,0,0,0,0,0,0,0
"Thermomonosporaceae",0,0,0,0,0,0,36,0,7,0,0,22,0,0,0,0,51,6,70,55,47,0,0,0,0,0,0,62,0,11,0,84,0,0,0,0,0,9,0,97,0,0,0,0,0,21,0,0,24,20,0,148,22,0,0,45,86,0,0,35,16,0,0,0,0,0,0,0,26,0,0,0,0
"Tistrellaceae",20,0,0,0,0,0,0,0,0,0,0,0,0,18,0,0,0,0,0,0,0,0,0,0,0,0,28,21,0,0,0,0,0,0,0,0,0,27,0,0,0,0,0,0,0,0,0,0,0,0,0,0,0,0,0,0,0,0,0,0,0,0,0,0,0,0,0,0,0,0,0,0,0
"TRA3-20",0,0,0,0,0,0,0,0,0,0,0,0,0,0,0,0,0,0,22,0,0,0,0,0,0,0,0,0,0,0,0,0,0,0,0,0,0,0,0,0,0,0,0,0,0,0,0,0,0,0,0,0,0,0,0,0,0,0,0,0,0,0,0,0,0,0,0,0,0,0,0,0,0
"Trueperaceae",0,0,0,0,0,0,0,0,0,0,0,0,0,0,0,0,0,0,24,0,0,0,0,0,0,0,0,0,0,0,0,0,0,0,0,0,0,0,0,0,0,0,0,0,0,0,0,0,0,0,0,10,0,0,0,0,0,0,0,0,0,0,0,0,0,0,23,0,0,0,0,0,0
"type_III",0,0,0,0,0,0,0,0,0,0,0,0,0,0,0,0,0,23,0,0,0,0,0,0,0,0,0,0,0,0,0,0,0,0,0,0,0,0,0,0,0,0,0,0,0,0,0,0,0,0,0,0,0,0,0,0,0,0,0,0,0,0,0,0,0,0,0,0,0,0,0,0,0
"UBA12409",26,0,0,0,0,0,0,0,0,0,0,0,0,0,0,0,0,0,0,0,0,0,0,0,0,0,0,0,0,0,0,0,0,0,0,0,0,0,0,0,0,0,0,0,0,0,0,0,0,0,0,0,12,0,0,0,0,0,0,0,0,0,0,0,0,0,0,0,0,0,0,0,0
"UCG-010",0,0,0,0,0,0,0,0,0,0,0,0,0,0,0,0,0,0,0,0,0,0,0,0,0,0,0,0,0,0,0,0,0,0,0,56,33,0,0,0,0,0,0,0,0,0,0,0,0,0,0,0,0,0,0,0,0,0,0,0,0,0,0,0,0,0,0,0,0,0,0,0,0
"Vagococcaceae",0,0,0,0,0,0,134,21,0,0,0,0,0,0,0,0,0,0,0,0,0,0,0,0,0,0,0,0,0,0,0,0,0,0,0,0,0,0,0,0,0,0,0,0,0,0,16,0,0,0,0,0,0,0,0,0,0,0,0,0,0,0,0,0,0,0,0,0,0,0,0,0,0
"Veillonellaceae",0,0,0,0,0,0,0,0,0,0,0,0,0,0,0,0,0,0,0,0,0,0,0,0,0,0,0,0,0,0,0,0,0,0,0,0,0,0,0,0,0,0,0,0,0,0,19,0,65,0,0,0,0,0,0,0,0,0,0,0,0,0,0,0,0,0,0,0,0,0,0,0,0
"Vermiphilaceae",0,0,0,0,0,0,0,0,0,0,0,0,0,0,0,0,0,0,0,0,0,0,0,0,0,0,0,0,0,0,0,0,0,0,0,0,0,0,0,0,0,0,0,0,0,0,0,0,0,0,0,0,51,0,0,0,0,0,0,0,0,0,0,0,0,0,0,0,0,0,0,0,0
"Verrucomicrobiaceae",0,46,0,23,0,27,0,0,0,0,0,0,14,0,63,40,0,10,18,0,0,0,0,0,0,9,0,0,0,0,0,0,9,10,0,23,34,0,0,0,0,0,0,0,0,0,0,0,0,0,0,0,0,0,39,0,0,0,0,0,0,0,0,0,0,0,0,0,0,0,0,0,0
"Vicinamibacteraceae",0,0,0,0,0,0,0,0,0,0,0,0,0,0,40,0,0,0,327,0,0,0,0,0,48,0,0,0,0,0,0,0,0,0,0,0,0,0,0,0,0,0,0,0,0,0,8,0,0,0,0,0,0,0,0,0,0,0,0,0,0,0,0,0,0,0,0,0,13,0,0,0,0
"Vulgatibacteraceae",0,0,0,0,0,0,0,0,0,0,0,0,0,0,0,0,0,0,31,0,0,0,0,0,0,0,0,0,0,0,0,0,0,0,0,0,0,0,0,0,0,0,0,0,0,0,0,0,0,0,0,0,0,0,0,0,0,0,0,0,0,0,0,0,0,0,0,0,0,0,0,0,0
"WD2101_soil_group",0,0,0,0,0,0,41,0,0,0,0,0,0,0,51,0,0,0,41,0,0,0,0,0,0,0,0,0,0,0,0,58,0,0,0,0,0,0,0,0,0,0,0,1,0,0,0,0,0,0,0,0,13,0,0,0,0,0,0,17,0,0,0,0,0,4,0,0,0,0,0,0,0
"Weeksellaceae",343,0,32,0,138,137,142,135,38,12,0,0,0,121,29,0,31,18,0,0,0,86,0,0,0,25,0,0,0,0,29,77,0,0,0,33,38,0,0,0,18,31,0,55,0,0,29,0,0,0,0,8,0,0,0,41,0,0,0,0,0,0,0,0,0,0,0,23,0,30,0,0,28
"Woeseiaceae",0,0,0,0,0,0,0,0,0,0,0,0,0,0,0,0,0,0,0,0,0,0,0,0,0,0,0,0,0,0,0,0,0,0,0,0,0,0,0,0,0,0,0,0,0,0,0,0,0,0,21,0,0,0,0,0,0,0,0,0,0,0,0,0,0,0,0,0,0,0,0,0,0
"Wohlfahrtiimonadaceae",0,0,0,0,0,0,30,0,0,0,0,0,0,0,0,0,0,0,0,0,0,0,0,0,0,0,0,0,0,0,0,0,0,0,0,0,0,0,0,0,0,0,0,0,0,0,0,0,0,0,0,0,0,0,0,0,0,0,0,0,0,0,0,0,0,0,0,0,0,0,0,0,0
"Xanthobacteraceae",0,0,0,0,0,0,48,49,0,0,26,36,0,25,0,33,47,0,154,0,0,0,75,0,0,32,32,20,16,0,0,16,0,0,15,35,0,0,0,43,28,14,0,0,0,0,0,23,0,14,0,25,81,8,28,0,0,44,47,0,23,0,0,29,0,0,0,0,0,0,30,35,24
"Xanthomonadaceae",122,0,56,13,290,478,104,29,100,42,0,0,0,47,17,0,0,0,69,66,60,989,86,0,0,0,0,0,21,92,65,221,8,0,0,0,0,0,78,21,0,43,38,47,36,74,0,0,0,120,19,0,24,6,0,0,0,0,0,32,19,24,0,0,0,21,0,0,46,10,8,0,0
"Yersiniaceae",0,0,0,0,21,4,0,0,54,0,0,0,0,0,0,0,49,213,2,0,2,1336,192,48,0,0,0,19,0,35,0,0,0,29,0,0,0,49,32,34,64,77,26,0,0,130,38,0,0,35,0,0,0,0,0,0,0,0,0,0,2028,0,0,0,0,308,0,42,728,0,52,0,0
